,motion,device,condition,value
0,upper,on,右方向-往路,2.2341092904551316
1,upper,on,右方向-往路,1.5262055865881703
2,upper,on,右方向-往路,2.4597168352219145
3,upper,on,右方向-往路,2.5944553613060144
4,upper,on,右方向-往路,1.011289275895462
5,upper,on,右方向-往路,0.21107693310429798
6,upper,on,右方向-往路,-0.5062599916708656
7,upper,on,右方向-往路,0.6975056419734943
8,upper,on,右方向-往路,-0.08452236238992375
9,upper,on,右方向-往路,-0.45232007755959414
10,upper,on,右方向-往路,0.7403486007028733
11,upper,on,右方向-往路,3.145711657253894
12,upper,on,右方向-往路,3.125890695950859
13,upper,on,右方向-往路,2.3945963309762175
14,upper,on,右方向-往路,1.445858642128185
15,upper,on,右方向-往路,-0.3949530344347861
16,upper,on,右方向-往路,-0.42488668841456495
17,upper,on,右方向-往路,-0.08013684903120978
18,upper,on,右方向-往路,2.246727565679522
19,upper,on,右方向-往路,1.257365717041662
20,upper,on,右方向-往路,2.69055604018778
21,upper,on,右方向-往路,3.5191816638336504
22,upper,on,右方向-往路,2.411712512355367
23,upper,on,右方向-往路,2.739164956748069
24,upper,on,右方向-往路,3.1799210174113193
25,upper,on,右方向-往路,0.08305152462369533
26,upper,on,右方向-往路,0.01614239756464112
27,upper,on,右方向-往路,-0.6699650387620515
28,upper,on,右方向-往路,-0.16398396916115993
29,upper,on,右方向-往路,-0.4299873056197897
30,upper,on,右方向-往路,0.8473975527645583
31,upper,on,右方向-往路,0.6708273988554977
32,upper,on,右方向-往路,0.7959161597487058
33,upper,on,右方向-往路,0.7188033706027308
34,upper,on,右方向-往路,1.2934891558426669
35,upper,on,右方向-往路,1.9075713072126228
36,upper,on,右方向-往路,0.1158936425424929
37,upper,on,右方向-往路,-0.17192517117486522
38,upper,on,右方向-往路,-0.25105241304536097
39,upper,on,右方向-往路,-0.02631790176627865
40,upper,on,右方向-往路,-0.8283372176223033
41,upper,on,右方向-往路,-0.6570962903733741
42,upper,on,右方向-往路,-0.6053664623406403
43,upper,on,右方向-往路,-0.4116243721358665
44,upper,on,右方向-往路,-0.375610943815635
45,upper,on,右方向-往路,-0.7128437460343615
46,upper,on,右方向-往路,0.9463931076437085
47,upper,on,右方向-往路,2.031679360252596
48,upper,on,右方向-往路,1.862022864035929
49,upper,on,右方向-往路,1.636303279705954
50,upper,on,右方向-往路,0.4595258765665988
51,upper,on,右方向-往路,0.28041372951195626
52,upper,on,右方向-往路,0.01020165271797356
53,upper,on,右方向-往路,0.16198455840650566
54,upper,on,右方向-往路,0.3505321736387927
55,upper,on,右方向-往路,1.4072824333038325
56,upper,on,右方向-往路,1.9179639245618039
57,upper,on,右方向-往路,1.2040621824128959
58,upper,on,右方向-往路,0.37851815514334447
59,upper,on,右方向-往路,1.5486088623328882
60,upper,on,右方向-往路,-0.5035663232034658
61,upper,on,右方向-往路,-0.10406204558862973
62,upper,on,右方向-往路,-0.7193178044621357
63,upper,on,右方向-往路,0.05642020674869254
64,upper,on,右方向-往路,1.1319251231455556
65,upper,on,右方向-往路,-0.5584892154245094
66,upper,on,右方向-往路,0.4044698178383135
67,upper,on,右方向-往路,-0.7687815450287881
68,upper,on,右方向-往路,1.3820208782614158
69,upper,on,右方向-往路,3.440441836708716
70,upper,on,右方向-往路,-0.3259363399767219
71,upper,on,右方向-往路,-0.4858518652976847
72,upper,on,右方向-往路,-0.8249892069576831
73,upper,on,右方向-往路,-0.8164700177661647
74,upper,on,右方向-往路,-0.8231851788999873
75,upper,on,右方向-往路,1.8472361579466574
76,upper,on,右方向-往路,0.5904394584929076
77,upper,on,右方向-往路,0.19245827942143745
78,upper,on,右方向-往路,0.3157527678921975
79,upper,on,右方向-往路,1.9142378988808666
80,upper,on,右方向-往路,-0.5140038335737573
81,upper,on,右方向-往路,-0.45987459122740687
82,upper,on,右方向-往路,-0.4938197920197925
83,upper,on,右方向-往路,-0.48169575643388307
84,upper,on,右方向-往路,-0.3523160504532783
85,upper,on,右方向-往路,0.4096973902802843
86,upper,on,右方向-往路,0.1345120630298381
87,upper,on,右方向-往路,-0.12050364356113906
88,upper,on,右方向-往路,0.18389386829298585
89,upper,on,右方向-往路,-0.07253130617604006
90,upper,on,右方向-往路,-0.28474043131940185
91,upper,on,右方向-往路,-0.06930581566026965
92,upper,on,右方向-往路,0.05859167443720189
93,upper,on,右方向-往路,-0.2221232593887186
94,upper,on,右方向-往路,-0.46852641207199963
95,upper,on,右方向-往路,2.1703661058840837
96,upper,on,右方向-往路,1.2418169053358903
97,upper,on,右方向-往路,1.0243542913394306
98,upper,on,右方向-往路,0.7340159254561279
99,upper,on,右方向-往路,0.9919419749767859
100,upper,on,右方向-往路,-0.5511709199174646
101,upper,on,右方向-往路,-0.03240921622991927
102,upper,on,右方向-往路,0.8246130335270676
103,upper,on,右方向-往路,0.6720946827134194
104,upper,on,右方向-往路,0.3352394481244524
105,upper,on,右方向-往路,0.0013111700383677681
106,upper,on,右方向-往路,0.25220022957754523
107,upper,on,右方向-往路,1.677942424389929
108,upper,on,右方向-往路,0.12147164022142265
109,upper,on,右方向-往路,-0.2244037804773791
110,upper,on,右方向-往路,0.011652923018510297
111,upper,on,右方向-往路,-0.1421718295811377
112,upper,on,右方向-往路,0.012787065794052201
113,upper,on,右方向-往路,-0.5035788435420342
114,upper,on,右方向-往路,-0.21262717575691098
115,upper,on,右方向-往路,0.8675089893697668
116,upper,on,右方向-往路,-0.6788769862962606
117,upper,on,右方向-往路,1.9992253506560267
118,upper,on,右方向-往路,0.29153255136517237
119,upper,on,右方向-往路,0.20419382874402153
120,upper,off,右方向-往路,1.8730759260105214
121,upper,off,右方向-往路,2.036619913242597
122,upper,off,右方向-往路,2.3018022363461093
123,upper,off,右方向-往路,2.0615814559737853
124,upper,off,右方向-往路,2.672732657186287
125,upper,off,右方向-往路,0.47510504780609636
126,upper,off,右方向-往路,0.2864217246946969
127,upper,off,右方向-往路,0.13708687332479885
128,upper,off,右方向-往路,-0.03893470488938696
129,upper,off,右方向-往路,-0.30468781119643024
130,upper,off,右方向-往路,0.3485162736012515
131,upper,off,右方向-往路,-0.20315992393498455
132,upper,off,右方向-往路,0.615474363633609
133,upper,off,右方向-往路,0.7438702736352661
134,upper,off,右方向-往路,1.0272727700752873
135,upper,off,右方向-往路,-0.40944280740507794
136,upper,off,右方向-往路,-0.2807517686427049
137,upper,off,右方向-往路,-0.6400986820897705
138,upper,off,右方向-往路,-0.3731031980150032
139,upper,off,右方向-往路,0.2945118415006719
140,upper,off,右方向-往路,0.8578054020496264
141,upper,off,右方向-往路,0.9328181967702515
142,upper,off,右方向-往路,1.6114262089137639
143,upper,off,右方向-往路,1.717755183283125
144,upper,off,右方向-往路,0.5447170703268721
145,upper,off,右方向-往路,0.09933771182418004
146,upper,off,右方向-往路,-0.3427179959740231
147,upper,off,右方向-往路,-0.36137671859371406
148,upper,off,右方向-往路,-0.34319712857624673
149,upper,off,右方向-往路,-0.45631124557831704
150,upper,off,右方向-往路,3.668598418174642
151,upper,off,右方向-往路,3.740016702709416
152,upper,off,右方向-往路,3.6736381614807567
153,upper,off,右方向-往路,3.673600408471397
154,upper,off,右方向-往路,3.4641867362598266
155,upper,off,右方向-往路,2.074373469628635
156,upper,off,右方向-往路,0.8240297764287182
157,upper,off,右方向-往路,-0.13483983150615594
158,upper,off,右方向-往路,0.017802650199156674
159,upper,off,右方向-往路,-0.34186515134699813
160,upper,off,右方向-往路,-0.47562797744852725
161,upper,off,右方向-往路,-0.4187214031336163
162,upper,off,右方向-往路,-0.412882207282446
163,upper,off,右方向-往路,-0.059369575897149474
164,upper,off,右方向-往路,-0.2440420223113837
165,upper,off,右方向-往路,0.7570029897925492
166,upper,off,右方向-往路,1.1433171105702253
167,upper,off,右方向-往路,1.875054454933202
168,upper,off,右方向-往路,2.752889126483056
169,upper,off,右方向-往路,2.8247564663249394
170,upper,off,右方向-往路,1.2802268188567278
171,upper,off,右方向-往路,0.4095684826275924
172,upper,off,右方向-往路,0.6391681363737992
173,upper,off,右方向-往路,0.3458193742651466
174,upper,off,右方向-往路,0.45050578162214683
175,upper,off,右方向-往路,1.470889252651985
176,upper,off,右方向-往路,1.5217163112169865
177,upper,off,右方向-往路,2.2005918422171655
178,upper,off,右方向-往路,2.9397473886557184
179,upper,off,右方向-往路,2.454220405443905
180,upper,off,右方向-往路,0.2691524580817748
181,upper,off,右方向-往路,0.06764334888410234
182,upper,off,右方向-往路,0.44026064647691887
183,upper,off,右方向-往路,-0.1152660836609415
184,upper,off,右方向-往路,0.06940904916906318
185,upper,off,右方向-往路,3.1677651296118943
186,upper,off,右方向-往路,2.686222931624476
187,upper,off,右方向-往路,2.8865035644848867
188,upper,off,右方向-往路,2.377667372271816
189,upper,off,右方向-往路,1.06466255053016
190,upper,off,右方向-往路,0.17291300216398325
191,upper,off,右方向-往路,-0.16404420244452786
192,upper,off,右方向-往路,-0.11565584734230173
193,upper,off,右方向-往路,-0.2169599341093716
194,upper,off,右方向-往路,-0.3523364808547615
195,upper,off,右方向-往路,1.9922384279099052
196,upper,off,右方向-往路,3.125648382025306
197,upper,off,右方向-往路,2.077296092191249
198,upper,off,右方向-往路,1.589506625996167
199,upper,off,右方向-往路,0.9619659873615664
200,upper,off,右方向-往路,-0.20022531273077193
201,upper,off,右方向-往路,-0.3622093333684959
202,upper,off,右方向-往路,0.027479728420957788
203,upper,off,右方向-往路,0.04485701661630589
204,upper,off,右方向-往路,-0.09359427199836066
205,upper,off,右方向-往路,1.2889907163306848
206,upper,off,右方向-往路,0.22827032595710534
207,upper,off,右方向-往路,2.276250121072892
208,upper,off,右方向-往路,1.8314861577165906
209,upper,off,右方向-往路,2.454054935210857
210,upper,off,右方向-往路,0.20570470323994758
211,upper,off,右方向-往路,-0.6786265482174629
212,upper,off,右方向-往路,-0.7102286291538071
213,upper,off,右方向-往路,-0.7968765176799809
214,upper,off,右方向-往路,-0.7384128208118204
215,upper,off,右方向-往路,1.6242535942570613
216,upper,off,右方向-往路,0.29044431124551673
217,upper,off,右方向-往路,0.3961895005742301
218,upper,off,右方向-往路,-0.9100393032828042
219,upper,off,右方向-往路,-0.7274221546887608
220,upper,off,右方向-往路,0.209624302824236
221,upper,off,右方向-往路,0.22087206742208648
222,upper,off,右方向-往路,0.9636301100880775
223,upper,off,右方向-往路,0.8062559832198171
224,upper,off,右方向-往路,0.463110364242804
225,upper,off,右方向-往路,-0.13191459866979838
226,upper,off,右方向-往路,0.17379647779881988
227,upper,off,右方向-往路,0.7831054563021479
228,upper,off,右方向-往路,0.4638417117331718
229,upper,off,右方向-往路,0.04621418145396491
230,upper,off,右方向-往路,-0.07115505844795435
231,upper,off,右方向-往路,1.482019221244652
232,upper,off,右方向-往路,-0.4590711922466431
233,upper,off,右方向-往路,-0.04411276449929029
234,upper,off,右方向-往路,-0.4529532915007565
235,upper,off,右方向-往路,1.4985775937125663
236,upper,off,右方向-往路,0.006552707632846699
237,upper,off,右方向-往路,0.18086029163996756
238,upper,off,右方向-往路,1.9080909006869804
239,upper,off,右方向-往路,0.09400928076402859
240,upper,on,右方向-復路,-0.6690312736398011
241,upper,on,右方向-復路,-0.9116714686090317
242,upper,on,右方向-復路,-0.870626438021441
243,upper,on,右方向-復路,-0.8067242741912779
244,upper,on,右方向-復路,-0.635683281677165
245,upper,on,右方向-復路,-0.10458611355102201
246,upper,on,右方向-復路,-0.35846089009900206
247,upper,on,右方向-復路,-0.6733827406801984
248,upper,on,右方向-復路,-0.4261938802913021
249,upper,on,右方向-復路,-0.1321441995064976
250,upper,on,右方向-復路,-0.25948892576870397
251,upper,on,右方向-復路,-0.761558252884127
252,upper,on,右方向-復路,-0.4169608771618724
253,upper,on,右方向-復路,-0.4290340736200191
254,upper,on,右方向-復路,-0.7224497646873381
255,upper,on,右方向-復路,-0.3015214373851595
256,upper,on,右方向-復路,0.39048970778644354
257,upper,on,右方向-復路,1.9164862354081043
258,upper,on,右方向-復路,-0.18598964826588305
259,upper,on,右方向-復路,-0.18490229341971337
260,upper,on,右方向-復路,-0.8249863031103712
261,upper,on,右方向-復路,-0.4580398970937434
262,upper,on,右方向-復路,-0.8802190157262638
263,upper,on,右方向-復路,-0.5981893368524029
264,upper,on,右方向-復路,-0.5641124536669025
265,upper,on,右方向-復路,-1.2606904805803063
266,upper,on,右方向-復路,-0.7454751941433648
267,upper,on,右方向-復路,-0.8062156575909941
268,upper,on,右方向-復路,-0.7573907402906409
269,upper,on,右方向-復路,-0.9015241773661111
270,upper,on,右方向-復路,-0.5148914830278417
271,upper,on,右方向-復路,-0.4522156239711833
272,upper,on,右方向-復路,-0.5363111559230677
273,upper,on,右方向-復路,-0.578749962005363
274,upper,on,右方向-復路,-0.8487545663512192
275,upper,on,右方向-復路,-1.0584930774802055
276,upper,on,右方向-復路,-0.4889190069510906
277,upper,on,右方向-復路,-0.7700857328978279
278,upper,on,右方向-復路,-0.5974380710826841
279,upper,on,右方向-復路,-1.4572774791272691
280,upper,on,右方向-復路,-0.7652551658180995
281,upper,on,右方向-復路,-0.7827091620029099
282,upper,on,右方向-復路,-0.676863772803052
283,upper,on,右方向-復路,-0.9161387721032739
284,upper,on,右方向-復路,-1.047312288295401
285,upper,on,右方向-復路,-1.0081139921455047
286,upper,on,右方向-復路,-1.3663332381658972
287,upper,on,右方向-復路,-1.0538732447208252
288,upper,on,右方向-復路,-0.9439737173210108
289,upper,on,右方向-復路,-1.548391332158667
290,upper,on,右方向-復路,-0.9960456237975541
291,upper,on,右方向-復路,-0.86798894641584
292,upper,on,右方向-復路,-1.0920190340060556
293,upper,on,右方向-復路,-0.9908560547818873
294,upper,on,右方向-復路,-1.327402006909763
295,upper,on,右方向-復路,-1.1219010675331325
296,upper,on,右方向-復路,-0.7821323030838487
297,upper,on,右方向-復路,-1.0477008992284043
298,upper,on,右方向-復路,-1.0156784228069362
299,upper,on,右方向-復路,-1.2341440244057091
300,upper,on,右方向-復路,-0.6198951561803145
301,upper,on,右方向-復路,-0.1283737923012763
302,upper,on,右方向-復路,-0.23745886502213132
303,upper,on,右方向-復路,-0.6271274653724297
304,upper,on,右方向-復路,-0.6838266664853943
305,upper,on,右方向-復路,-0.7237457578548827
306,upper,on,右方向-復路,-0.8013932911550952
307,upper,on,右方向-復路,-0.9732339492478853
308,upper,on,右方向-復路,-1.2234773698586878
309,upper,on,右方向-復路,-0.7032431672310911
310,upper,on,右方向-復路,-0.6457704260649964
311,upper,on,右方向-復路,-0.5401101194357365
312,upper,on,右方向-復路,-0.9490176861898866
313,upper,on,右方向-復路,-0.6467070041795197
314,upper,on,右方向-復路,-0.7194229940320402
315,upper,on,右方向-復路,-1.0520841092047577
316,upper,on,右方向-復路,-0.9601498006887679
317,upper,on,右方向-復路,-1.4252595218807658
318,upper,on,右方向-復路,-1.313104213157363
319,upper,on,右方向-復路,-1.1970123947153677
320,upper,on,右方向-復路,-0.7339087112837145
321,upper,on,右方向-復路,-0.5693876670617758
322,upper,on,右方向-復路,-0.5161345442399794
323,upper,on,右方向-復路,-0.5810586505784445
324,upper,on,右方向-復路,-0.21781478043227176
325,upper,on,右方向-復路,-1.116955751415086
326,upper,on,右方向-復路,-1.1213963112152994
327,upper,on,右方向-復路,-0.9529880944445616
328,upper,on,右方向-復路,-1.0318491056908183
329,upper,on,右方向-復路,-0.7180687308994695
330,upper,on,右方向-復路,-0.8846947900100292
331,upper,on,右方向-復路,-0.8391248448124415
332,upper,on,右方向-復路,-0.8307586158142507
333,upper,on,右方向-復路,0.17147436033834185
334,upper,on,右方向-復路,-0.7018423944291993
335,upper,on,右方向-復路,-0.8003879556878549
336,upper,on,右方向-復路,-0.7846967654832003
337,upper,on,右方向-復路,-0.6885040561867856
338,upper,on,右方向-復路,-0.6722720652290834
339,upper,on,右方向-復路,-0.7309042084834362
340,upper,on,右方向-復路,-1.1044560453392598
341,upper,on,右方向-復路,-1.0628311483922788
342,upper,on,右方向-復路,-0.4944513800899475
343,upper,on,右方向-復路,-0.8724198188241268
344,upper,on,右方向-復路,-1.0131070536755544
345,upper,on,右方向-復路,-1.031657678373781
346,upper,on,右方向-復路,-1.063131615466174
347,upper,on,右方向-復路,-0.5665505916954056
348,upper,on,右方向-復路,-0.9925308136848131
349,upper,on,右方向-復路,-0.7421472760821274
350,upper,on,右方向-復路,-0.7375470391387898
351,upper,on,右方向-復路,-1.4447400747733805
352,upper,on,右方向-復路,-0.8259022840825254
353,upper,on,右方向-復路,-1.3078757124037248
354,upper,on,右方向-復路,-1.16150033849866
355,upper,on,右方向-復路,-1.5001092201144581
356,upper,on,右方向-復路,-1.2198823994294743
357,upper,on,右方向-復路,-0.7585750354846036
358,upper,on,右方向-復路,-0.8828413259524814
359,upper,on,右方向-復路,-0.6912384004246892
360,upper,off,右方向-復路,-1.0287869981053992
361,upper,off,右方向-復路,-1.1501657025490974
362,upper,off,右方向-復路,-1.0089339148699523
363,upper,off,右方向-復路,-0.7806207214482844
364,upper,off,右方向-復路,-1.1275860047365434
365,upper,off,右方向-復路,-0.7734028277766664
366,upper,off,右方向-復路,-0.8342800209076118
367,upper,off,右方向-復路,-1.099868461159259
368,upper,off,右方向-復路,-0.4915437319641207
369,upper,off,右方向-復路,-0.867829146465453
370,upper,off,右方向-復路,-1.5445320514578664
371,upper,off,右方向-復路,-0.9003945983843925
372,upper,off,右方向-復路,-1.0019482807741469
373,upper,off,右方向-復路,-1.0430423169447647
374,upper,off,右方向-復路,-1.118439053084027
375,upper,off,右方向-復路,-0.4626756886221953
376,upper,off,右方向-復路,-0.6404091966072265
377,upper,off,右方向-復路,-0.705865080460393
378,upper,off,右方向-復路,-0.8055042229182379
379,upper,off,右方向-復路,-1.173172991980528
380,upper,off,右方向-復路,1.5009068254049165
381,upper,off,右方向-復路,-0.495187346416223
382,upper,off,右方向-復路,-0.08642294835943141
383,upper,off,右方向-復路,0.01802306266004888
384,upper,off,右方向-復路,-0.4333256046359723
385,upper,off,右方向-復路,-0.609353185274281
386,upper,off,右方向-復路,-0.8183026415082258
387,upper,off,右方向-復路,-0.5581161863493368
388,upper,off,右方向-復路,-0.5625020289375077
389,upper,off,右方向-復路,-0.7233155594541908
390,upper,off,右方向-復路,-0.423794776129898
391,upper,off,右方向-復路,-0.4530990762839749
392,upper,off,右方向-復路,-0.4390786245946576
393,upper,off,右方向-復路,-0.5778568309766505
394,upper,off,右方向-復路,-0.42386051769379307
395,upper,off,右方向-復路,-0.20646689102495586
396,upper,off,右方向-復路,-0.005208136933239397
397,upper,off,右方向-復路,0.10976449951454169
398,upper,off,右方向-復路,0.07445280207850138
399,upper,off,右方向-復路,0.17660999420252244
400,upper,off,右方向-復路,-0.7891302427688703
401,upper,off,右方向-復路,-0.6792318460770684
402,upper,off,右方向-復路,-0.800740490564147
403,upper,off,右方向-復路,-1.0267488243006613
404,upper,off,右方向-復路,-0.9528513643162678
405,upper,off,右方向-復路,-0.873292422975608
406,upper,off,右方向-復路,-1.2096116727506354
407,upper,off,右方向-復路,-1.122740675449961
408,upper,off,右方向-復路,-0.8525863660222744
409,upper,off,右方向-復路,-0.9557685175921349
410,upper,off,右方向-復路,-0.8026946396804123
411,upper,off,右方向-復路,-1.0596092900706888
412,upper,off,右方向-復路,-1.1608813234792834
413,upper,off,右方向-復路,-0.8102912813943256
414,upper,off,右方向-復路,-0.9615990797629587
415,upper,off,右方向-復路,-0.5169763887604523
416,upper,off,右方向-復路,-0.8234207539609619
417,upper,off,右方向-復路,-0.8712594460830798
418,upper,off,右方向-復路,-0.8992746670437912
419,upper,off,右方向-復路,-0.9268916060155669
420,upper,off,右方向-復路,-0.3822266894719476
421,upper,off,右方向-復路,-0.6035815903999208
422,upper,off,右方向-復路,-0.2922412054241146
423,upper,off,右方向-復路,-0.7235383127980646
424,upper,off,右方向-復路,-0.7112898178852473
425,upper,off,右方向-復路,-0.6291099633048866
426,upper,off,右方向-復路,-0.9791567524009962
427,upper,off,右方向-復路,-0.5379538553729185
428,upper,off,右方向-復路,-0.8279177144671611
429,upper,off,右方向-復路,-0.5243803748445103
430,upper,off,右方向-復路,-0.299641333489555
431,upper,off,右方向-復路,-0.39941529300149453
432,upper,off,右方向-復路,-0.3990728082207591
433,upper,off,右方向-復路,-0.6751957871973787
434,upper,off,右方向-復路,-0.3900658939609302
435,upper,off,右方向-復路,-0.6900952761030128
436,upper,off,右方向-復路,-0.9596613253666199
437,upper,off,右方向-復路,-0.4020377442455434
438,upper,off,右方向-復路,-0.8284348294189751
439,upper,off,右方向-復路,-0.41502424571422636
440,upper,off,右方向-復路,-0.6878834163544617
441,upper,off,右方向-復路,-0.506898640384053
442,upper,off,右方向-復路,-0.5184138957584256
443,upper,off,右方向-復路,-0.411072073198344
444,upper,off,右方向-復路,-0.4827466737642881
445,upper,off,右方向-復路,-1.0346277189078177
446,upper,off,右方向-復路,-1.0757075309682513
447,upper,off,右方向-復路,-0.926677909177465
448,upper,off,右方向-復路,-0.9756962401812413
449,upper,off,右方向-復路,-0.8438497061128359
450,upper,off,右方向-復路,-0.8420327337256189
451,upper,off,右方向-復路,-0.7892934201239113
452,upper,off,右方向-復路,-0.5394608459089472
453,upper,off,右方向-復路,-0.602359871750964
454,upper,off,右方向-復路,-0.799590666891849
455,upper,off,右方向-復路,-0.7596001150905846
456,upper,off,右方向-復路,-0.3408789176643678
457,upper,off,右方向-復路,0.3833061090473031
458,upper,off,右方向-復路,1.7772737952832467
459,upper,off,右方向-復路,-0.7307511889400349
460,upper,off,右方向-復路,-0.8901948742341034
461,upper,off,右方向-復路,-0.9703515583965877
462,upper,off,右方向-復路,-1.0218328700468955
463,upper,off,右方向-復路,-0.9258489944580486
464,upper,off,右方向-復路,-0.9399682793792714
465,upper,off,右方向-復路,-0.8984409368317199
466,upper,off,右方向-復路,-0.9410570681876946
467,upper,off,右方向-復路,-1.2307833121567802
468,upper,off,右方向-復路,-1.0889468183962712
469,upper,off,右方向-復路,-0.9020990854282607
470,upper,off,右方向-復路,-0.5961130900872034
471,upper,off,右方向-復路,-0.9514437833222356
472,upper,off,右方向-復路,-0.6481747888999653
473,upper,off,右方向-復路,-0.8073658997311026
474,upper,off,右方向-復路,-0.8804784521592378
475,upper,off,右方向-復路,-0.9262068037429694
476,upper,off,右方向-復路,-0.913385225718175
477,upper,off,右方向-復路,-0.7302840609512647
478,upper,off,右方向-復路,-0.7732254461964435
479,upper,off,右方向-復路,-0.5635063755621847
480,upper,on,左方向-往路,1.167069808580788
481,upper,on,左方向-往路,0.5726310232462584
482,upper,on,左方向-往路,0.37983149372712466
483,upper,on,左方向-往路,0.3864722098429264
484,upper,on,左方向-往路,0.3789377076968743
485,upper,on,左方向-往路,3.2136559065618204
486,upper,on,左方向-往路,2.686163702735561
487,upper,on,左方向-往路,2.861097233244303
488,upper,on,左方向-往路,3.271474802899982
489,upper,on,左方向-往路,2.6672106250427285
490,upper,on,左方向-往路,0.6998692506829861
491,upper,on,左方向-往路,0.16237843739247093
492,upper,on,左方向-往路,-0.14266548449772906
493,upper,on,左方向-往路,-0.6197047258990634
494,upper,on,左方向-往路,0.49220760904903443
495,upper,on,左方向-往路,2.2519356039244154
496,upper,on,左方向-往路,3.3354282322837303
497,upper,on,左方向-往路,2.6672584257519345
498,upper,on,左方向-往路,1.9405039861480124
499,upper,on,左方向-往路,1.1614428893660818
500,upper,on,左方向-往路,-0.5801293814129331
501,upper,on,左方向-往路,-0.3625482422643325
502,upper,on,左方向-往路,1.192507844583302
503,upper,on,左方向-往路,-0.7881047695152249
504,upper,on,左方向-往路,-0.7381335067390278
505,upper,on,左方向-往路,1.4251779099683457
506,upper,on,左方向-往路,0.9148742411664476
507,upper,on,左方向-往路,0.8629412333520455
508,upper,on,左方向-往路,-0.05790610385152199
509,upper,on,左方向-往路,-0.019502415922085802
510,upper,on,左方向-往路,-0.12162770837682911
511,upper,on,左方向-往路,-0.3284066705377569
512,upper,on,左方向-往路,0.017294315927040064
513,upper,on,左方向-往路,0.14503886788781084
514,upper,on,左方向-往路,0.08029197157179944
515,upper,on,左方向-往路,1.1923314580736324
516,upper,on,左方向-往路,-0.49625246391538236
517,upper,on,左方向-往路,3.2423742956829718
518,upper,on,左方向-往路,3.0532239896657365
519,upper,on,左方向-往路,2.3263741460499405
520,upper,on,左方向-往路,2.963817364727739
521,upper,on,左方向-往路,2.428758586303217
522,upper,on,左方向-往路,1.7201359695631733
523,upper,on,左方向-往路,2.6861029521067152
524,upper,on,左方向-往路,2.618646577802698
525,upper,on,左方向-往路,-0.6059162554227058
526,upper,on,左方向-往路,-0.4940947293764116
527,upper,on,左方向-往路,-0.7187541360318034
528,upper,on,左方向-往路,-0.6091366834119119
529,upper,on,左方向-往路,0.03657898370973259
530,upper,on,左方向-往路,2.420542940957424
531,upper,on,左方向-往路,1.035723999611773
532,upper,on,左方向-往路,2.082834408826945
533,upper,on,左方向-往路,1.6883560261022992
534,upper,on,左方向-往路,1.104851730224409
535,upper,on,左方向-往路,1.1222355146005414
536,upper,on,左方向-往路,0.12145826526547274
537,upper,on,左方向-往路,0.9528400038240054
538,upper,on,左方向-往路,0.835520831732452
539,upper,on,左方向-往路,0.3780909353686245
540,upper,on,左方向-往路,1.114110830862782
541,upper,on,左方向-往路,0.9339993234895725
542,upper,on,左方向-往路,2.2087894793335927
543,upper,on,左方向-往路,1.5103186098931682
544,upper,on,左方向-往路,2.592445340958726
545,upper,on,左方向-往路,0.46163184327820117
546,upper,on,左方向-往路,1.1614227253748297
547,upper,on,左方向-往路,0.9725325269230592
548,upper,on,左方向-往路,0.4710593023314805
549,upper,on,左方向-往路,-0.3355597150408046
550,upper,on,左方向-往路,2.1191521505764213
551,upper,on,左方向-往路,2.44782806457455
552,upper,on,左方向-往路,2.195780030636918
553,upper,on,左方向-往路,2.4632281892917325
554,upper,on,左方向-往路,0.9605841519156229
555,upper,on,左方向-往路,1.3054921252326734
556,upper,on,左方向-往路,0.8035156862947792
557,upper,on,左方向-往路,-0.04282165317567814
558,upper,on,左方向-往路,-0.8215597927091839
559,upper,on,左方向-往路,1.1494585760092586
560,upper,on,左方向-往路,3.1066110088539953
561,upper,on,左方向-往路,3.5646812840583015
562,upper,on,左方向-往路,3.441825340875935
563,upper,on,左方向-往路,3.6862982786405123
564,upper,on,左方向-往路,3.7333959921935165
565,upper,on,左方向-往路,1.5091074317865607
566,upper,on,左方向-往路,1.2522521961674096
567,upper,on,左方向-往路,0.9853080161024558
568,upper,on,左方向-往路,1.7096148938715399
569,upper,on,左方向-往路,1.22661558698523
570,upper,on,左方向-往路,1.9924900295677155
571,upper,on,左方向-往路,2.1540857107540754
572,upper,on,左方向-往路,2.099416722466047
573,upper,on,左方向-往路,1.3091377981187045
574,upper,on,左方向-往路,1.5991617563389078
575,upper,on,左方向-往路,0.09326487615362224
576,upper,on,左方向-往路,0.33713783746396736
577,upper,on,左方向-往路,0.09605810375393546
578,upper,on,左方向-往路,-0.10227428459248093
579,upper,on,左方向-往路,0.5138775599915246
580,upper,on,左方向-往路,2.415664565843903
581,upper,on,左方向-往路,1.8976716931861413
582,upper,on,左方向-往路,1.9666121134311902
583,upper,on,左方向-往路,-1.0910952329902213
584,upper,on,左方向-往路,1.3926063077077753
585,upper,on,左方向-往路,1.902601190120802
586,upper,on,左方向-往路,1.2047390722941231
587,upper,on,左方向-往路,1.3960577261128975
588,upper,on,左方向-往路,-0.7982248207748275
589,upper,on,左方向-往路,1.2577163493753234
590,upper,on,左方向-往路,-0.21334389315775046
591,upper,on,左方向-往路,0.566874156742939
592,upper,on,左方向-往路,0.4497257912712935
593,upper,on,左方向-往路,0.541734193608451
594,upper,on,左方向-往路,1.3242541177102638
595,upper,on,左方向-往路,-0.23626536257486278
596,upper,on,左方向-往路,1.1580407816278502
597,upper,on,左方向-往路,-0.22067434076581569
598,upper,on,左方向-往路,0.10526354348089494
599,upper,on,左方向-往路,0.1838373350397347
600,upper,off,左方向-往路,-0.1771991806416213
601,upper,off,左方向-往路,1.2200979778392849
602,upper,off,左方向-往路,-0.4796752895425518
603,upper,off,左方向-往路,0.029902073733741596
604,upper,off,左方向-往路,1.5792849561779398
605,upper,off,左方向-往路,0.8782188366969664
606,upper,off,左方向-往路,2.078253253115461
607,upper,off,左方向-往路,0.5815772115920664
608,upper,off,左方向-往路,0.9325451127453531
609,upper,off,左方向-往路,2.1406935233750515
610,upper,off,左方向-往路,0.45590763601055456
611,upper,off,左方向-往路,-0.2371618291030533
612,upper,off,左方向-往路,-0.0883846638694777
613,upper,off,左方向-往路,-0.5273520630092472
614,upper,off,左方向-往路,-0.27568437107577715
615,upper,off,左方向-往路,2.9273218892856265
616,upper,off,左方向-往路,1.2852175873675091
617,upper,off,左方向-往路,0.41448883884244053
618,upper,off,左方向-往路,0.662708940149109
619,upper,off,左方向-往路,1.6714152406905962
620,upper,off,左方向-往路,-0.48224468015070027
621,upper,off,左方向-往路,-0.2787227534189907
622,upper,off,左方向-往路,0.24418134064735672
623,upper,off,左方向-往路,0.34899400129342284
624,upper,off,左方向-往路,0.2691161253842708
625,upper,off,左方向-往路,0.09316719425398781
626,upper,off,左方向-往路,2.3673423607286757
627,upper,off,左方向-往路,2.704794974278772
628,upper,off,左方向-往路,3.074655350475718
629,upper,off,左方向-往路,3.0277029013096017
630,upper,off,左方向-往路,0.03381480835471349
631,upper,off,左方向-往路,-0.14684939257954346
632,upper,off,左方向-往路,-0.17651321692174526
633,upper,off,左方向-往路,-0.1126571384531523
634,upper,off,左方向-往路,-0.15247522142618802
635,upper,off,左方向-往路,-0.2980759082558592
636,upper,off,左方向-往路,2.9130324721369423
637,upper,off,左方向-往路,1.4054885173123361
638,upper,off,左方向-往路,1.584411710775422
639,upper,off,左方向-往路,1.8267650758561864
640,upper,off,左方向-往路,1.1363300507765568
641,upper,off,左方向-往路,2.2133050449687164
642,upper,off,左方向-往路,2.8440237577662475
643,upper,off,左方向-往路,1.8031724349515936
644,upper,off,左方向-往路,1.4345405050741165
645,upper,off,左方向-往路,0.30065694467834375
646,upper,off,左方向-往路,-0.2502197628779999
647,upper,off,左方向-往路,-0.14863336456791884
648,upper,off,左方向-往路,-0.2177746285180533
649,upper,off,左方向-往路,0.1324025061909347
650,upper,off,左方向-往路,0.9250842811377333
651,upper,off,左方向-往路,1.3966035302381634
652,upper,off,左方向-往路,1.4119140623236903
653,upper,off,左方向-往路,2.533417376020373
654,upper,off,左方向-往路,1.7741440073047532
655,upper,off,左方向-往路,1.4484344989768634
656,upper,off,左方向-往路,1.3134844250053974
657,upper,off,左方向-往路,1.4058592828639667
658,upper,off,左方向-往路,0.45946364534649003
659,upper,off,左方向-往路,0.9833964609333858
660,upper,off,左方向-往路,3.203655954886696
661,upper,off,左方向-往路,3.389413600886191
662,upper,off,左方向-往路,2.5799843986658515
663,upper,off,左方向-往路,2.8003610374094796
664,upper,off,左方向-往路,1.8966248104842889
665,upper,off,左方向-往路,0.7126616039181525
666,upper,off,左方向-往路,1.3004725132257013
667,upper,off,左方向-往路,0.2518138927799791
668,upper,off,左方向-往路,0.3209358121253993
669,upper,off,左方向-往路,0.2606904061808055
670,upper,off,左方向-往路,2.5012506688673053
671,upper,off,左方向-往路,2.3662391094564947
672,upper,off,左方向-往路,2.552855626308841
673,upper,off,左方向-往路,2.165132655530375
674,upper,off,左方向-往路,3.104147764713825
675,upper,off,左方向-往路,0.8586640363864488
676,upper,off,左方向-往路,-0.10801724385341738
677,upper,off,左方向-往路,0.0454551861781629
678,upper,off,左方向-往路,0.21372159674942098
679,upper,off,左方向-往路,0.24018028496428634
680,upper,off,左方向-往路,0.845672965446614
681,upper,off,左方向-往路,0.8989550651111606
682,upper,off,左方向-往路,1.4198999367915233
683,upper,off,左方向-往路,0.14854596497191044
684,upper,off,左方向-往路,0.4455959216092509
685,upper,off,左方向-往路,1.0872972892205512
686,upper,off,左方向-往路,2.58395266578327
687,upper,off,左方向-往路,0.15331649116425172
688,upper,off,左方向-往路,-0.4883979046065568
689,upper,off,左方向-往路,0.5980079031773138
690,upper,off,左方向-往路,1.6203631564863687
691,upper,off,左方向-往路,1.7740604476160544
692,upper,off,左方向-往路,2.5052995780637284
693,upper,off,左方向-往路,2.463811732804238
694,upper,off,左方向-往路,2.7608459318904504
695,upper,off,左方向-往路,-0.06680639917312799
696,upper,off,左方向-往路,-0.03027247102503086
697,upper,off,左方向-往路,-0.18189563326587005
698,upper,off,左方向-往路,-0.4351373831050063
699,upper,off,左方向-往路,-0.3073895204771341
700,upper,off,左方向-往路,1.737178225944175
701,upper,off,左方向-往路,1.1584000574482811
702,upper,off,左方向-往路,-0.10672852860372191
703,upper,off,左方向-往路,2.7256396765254185
704,upper,off,左方向-往路,1.7490946442430988
705,upper,off,左方向-往路,1.2624137201865808
706,upper,off,左方向-往路,1.1625419816492655
707,upper,off,左方向-往路,-0.2853591913625302
708,upper,off,左方向-往路,2.468666805388722
709,upper,off,左方向-往路,1.8833677821914507
710,upper,off,左方向-往路,3.4944367144479918
711,upper,off,左方向-往路,1.1728537920363562
712,upper,off,左方向-往路,3.470731429004031
713,upper,off,左方向-往路,2.658280929083967
714,upper,off,左方向-往路,0.6804385040770842
715,upper,off,左方向-往路,1.5312610359504553
716,upper,off,左方向-往路,1.0764298888133483
717,upper,off,左方向-往路,-0.2537026120530207
718,upper,off,左方向-往路,-0.6957070636733726
719,upper,off,左方向-往路,-0.3723957669863692
720,upper,on,左方向-復路,-0.6423645889342844
721,upper,on,左方向-復路,-0.4880465526296524
722,upper,on,左方向-復路,-0.008388525454682829
723,upper,on,左方向-復路,-0.5891571658076789
724,upper,on,左方向-復路,-0.42369341052745463
725,upper,on,左方向-復路,-0.42148623442467936
726,upper,on,左方向-復路,-0.49775454777968836
727,upper,on,左方向-復路,0.40503661412389014
728,upper,on,左方向-復路,-0.708348135495207
729,upper,on,左方向-復路,-0.4485998891757348
730,upper,on,左方向-復路,-0.6139472021395442
731,upper,on,左方向-復路,-0.677982619500741
732,upper,on,左方向-復路,-0.8512339933546071
733,upper,on,左方向-復路,-0.6533408892693596
734,upper,on,左方向-復路,-0.8547120411552706
735,upper,on,左方向-復路,-0.581605235968671
736,upper,on,左方向-復路,-0.7545875044295042
737,upper,on,左方向-復路,-0.9569542674498183
738,upper,on,左方向-復路,-1.175328206288735
739,upper,on,左方向-復路,-1.3357428738643187
740,upper,on,左方向-復路,-0.9746546182163579
741,upper,on,左方向-復路,-0.3963623083943402
742,upper,on,左方向-復路,-0.7262649687068145
743,upper,on,左方向-復路,-0.8757469531354434
744,upper,on,左方向-復路,-0.853996980895432
745,upper,on,左方向-復路,-1.442965609040935
746,upper,on,左方向-復路,-0.9307603263995026
747,upper,on,左方向-復路,-0.6554870602531198
748,upper,on,左方向-復路,-0.8567853370347256
749,upper,on,左方向-復路,-0.8246693449799252
750,upper,on,左方向-復路,-0.5253356165217828
751,upper,on,左方向-復路,-0.2825273324871584
752,upper,on,左方向-復路,-0.48926690124222083
753,upper,on,左方向-復路,-0.5427802784242589
754,upper,on,左方向-復路,-0.2677209647799716
755,upper,on,左方向-復路,-1.3988278586059852
756,upper,on,左方向-復路,-1.4394922461556563
757,upper,on,左方向-復路,-0.9509582033355503
758,upper,on,左方向-復路,-1.0450502482608826
759,upper,on,左方向-復路,-1.0176769440189988
760,upper,on,左方向-復路,-0.7348389788215981
761,upper,on,左方向-復路,-0.6492961624385133
762,upper,on,左方向-復路,-0.7264040862477465
763,upper,on,左方向-復路,-0.8865852051808323
764,upper,on,左方向-復路,-0.6803445468589723
765,upper,on,左方向-復路,-1.066156375582711
766,upper,on,左方向-復路,-0.7501749036055152
767,upper,on,左方向-復路,-1.098116394784353
768,upper,on,左方向-復路,-0.8818173392763492
769,upper,on,左方向-復路,-0.8492621838593495
770,upper,on,左方向-復路,-0.7405471317934011
771,upper,on,左方向-復路,-0.9802140169212664
772,upper,on,左方向-復路,-0.9276450457627876
773,upper,on,左方向-復路,-0.6524434895074779
774,upper,on,左方向-復路,-1.106291927205766
775,upper,on,左方向-復路,-1.0231064941611168
776,upper,on,左方向-復路,-0.9869190545205597
777,upper,on,左方向-復路,-0.9698467786348697
778,upper,on,左方向-復路,-0.809001243417424
779,upper,on,左方向-復路,-0.9457030706415779
780,upper,on,左方向-復路,-0.5395643753874942
781,upper,on,左方向-復路,-0.8019076891315694
782,upper,on,左方向-復路,-0.8007529900351159
783,upper,on,左方向-復路,-0.9955444300753677
784,upper,on,左方向-復路,-1.0020878932501056
785,upper,on,左方向-復路,-0.8061187015403671
786,upper,on,左方向-復路,-0.8904256164462717
787,upper,on,左方向-復路,-0.4994569724397178
788,upper,on,左方向-復路,-0.5175564426794635
789,upper,on,左方向-復路,-0.599844069233896
790,upper,on,左方向-復路,-0.9147732523623138
791,upper,on,左方向-復路,-0.8287880187885874
792,upper,on,左方向-復路,-0.8565182224803153
793,upper,on,左方向-復路,-0.2643641949409686
794,upper,on,左方向-復路,-0.7364790759576906
795,upper,on,左方向-復路,-1.1184740748356459
796,upper,on,左方向-復路,-0.98489232678287
797,upper,on,左方向-復路,-0.5022879745620088
798,upper,on,左方向-復路,0.5569789831349173
799,upper,on,左方向-復路,-0.6933400972064847
800,upper,on,左方向-復路,-0.6868665382746075
801,upper,on,左方向-復路,-0.5536504184930747
802,upper,on,左方向-復路,-0.4951690589119381
803,upper,on,左方向-復路,-0.5360867451674329
804,upper,on,左方向-復路,-0.4771282050703099
805,upper,on,左方向-復路,-0.8505340635180988
806,upper,on,左方向-復路,-0.9751841595336481
807,upper,on,左方向-復路,-0.376622551280405
808,upper,on,左方向-復路,-0.9891999578678196
809,upper,on,左方向-復路,-0.8620809776096261
810,upper,on,左方向-復路,-0.8274753004261294
811,upper,on,左方向-復路,-0.8222697876113628
812,upper,on,左方向-復路,-0.9136623958775891
813,upper,on,左方向-復路,-0.8733644141607094
814,upper,on,左方向-復路,-0.5231989068539352
815,upper,on,左方向-復路,-0.9815330508621486
816,upper,on,左方向-復路,-0.9222057395253803
817,upper,on,左方向-復路,-0.8604790940175497
818,upper,on,左方向-復路,-0.8072063037632058
819,upper,on,左方向-復路,-0.7423104467080428
820,upper,on,左方向-復路,-1.0401510496066937
821,upper,on,左方向-復路,-1.1418250976276612
822,upper,on,左方向-復路,-1.1272211949659956
823,upper,on,左方向-復路,-1.0840394655022407
824,upper,on,左方向-復路,-0.93011669222759
825,upper,on,左方向-復路,-0.8950343688212851
826,upper,on,左方向-復路,-0.9759009454914048
827,upper,on,左方向-復路,-1.2128542423087099
828,upper,on,左方向-復路,-1.299968209737473
829,upper,on,左方向-復路,-0.8798697188555954
830,upper,on,左方向-復路,-0.6675552114480477
831,upper,on,左方向-復路,-1.1625691693165567
832,upper,on,左方向-復路,-0.5387346927283655
833,upper,on,左方向-復路,-0.9456398232878629
834,upper,on,左方向-復路,-0.8696381490373335
835,upper,on,左方向-復路,-0.43528138535826094
836,upper,on,左方向-復路,-0.8393918937296178
837,upper,on,左方向-復路,-0.7607526828633567
838,upper,on,左方向-復路,-0.5397464170480972
839,upper,on,左方向-復路,-0.6839284252268316
840,upper,off,左方向-復路,-0.7518892341339246
841,upper,off,左方向-復路,-0.9834524708156674
842,upper,off,左方向-復路,-0.3419822834528754
843,upper,off,左方向-復路,-0.4518604211136359
844,upper,off,左方向-復路,-0.7567597352293757
845,upper,off,左方向-復路,-0.6560887195298262
846,upper,off,左方向-復路,-0.8399900733855357
847,upper,off,左方向-復路,-0.5847338444872144
848,upper,off,左方向-復路,-0.686356268270091
849,upper,off,左方向-復路,-0.8125235104729035
850,upper,off,左方向-復路,-1.222740945602576
851,upper,off,左方向-復路,-0.6775159907420962
852,upper,off,左方向-復路,-0.4750484904199171
853,upper,off,左方向-復路,-0.8177105004988232
854,upper,off,左方向-復路,-0.8500756296579425
855,upper,off,左方向-復路,-0.615606079476292
856,upper,off,左方向-復路,-0.7749225360942509
857,upper,off,左方向-復路,-0.9666147485690214
858,upper,off,左方向-復路,-1.16187547394984
859,upper,off,左方向-復路,-1.604544013369891
860,upper,off,左方向-復路,-1.1523293046477958
861,upper,off,左方向-復路,-0.4579082074262643
862,upper,off,左方向-復路,-0.9073209451475716
863,upper,off,左方向-復路,-0.8037853335209474
864,upper,off,左方向-復路,-0.6589620822727761
865,upper,off,左方向-復路,-1.3222709321534147
866,upper,off,左方向-復路,-0.5403221552043269
867,upper,off,左方向-復路,-0.7209908281698392
868,upper,off,左方向-復路,-0.7440579084125375
869,upper,off,左方向-復路,-0.5823046429716802
870,upper,off,左方向-復路,-0.3790659416846566
871,upper,off,左方向-復路,-0.2772772748646426
872,upper,off,左方向-復路,-0.4011902650242662
873,upper,off,左方向-復路,-0.1949143088259248
874,upper,off,左方向-復路,-0.4442521547870294
875,upper,off,左方向-復路,-1.0124219745845568
876,upper,off,左方向-復路,-1.4151516161333162
877,upper,off,左方向-復路,-0.9041696891746691
878,upper,off,左方向-復路,-0.9516332429118625
879,upper,off,左方向-復路,-0.9825235770615076
880,upper,off,左方向-復路,-0.7823091428826832
881,upper,off,左方向-復路,-0.7686207256940116
882,upper,off,左方向-復路,-0.7511287484536352
883,upper,off,左方向-復路,-0.8644028760208238
884,upper,off,左方向-復路,-0.9407454254536636
885,upper,off,左方向-復路,-1.0363590452266436
886,upper,off,左方向-復路,-0.9013336599855253
887,upper,off,左方向-復路,-0.8651981837013529
888,upper,off,左方向-復路,-1.041997865005556
889,upper,off,左方向-復路,-0.7897009411387431
890,upper,off,左方向-復路,-0.03115645445994314
891,upper,off,左方向-復路,-0.23743756963854548
892,upper,off,左方向-復路,-0.2018262538220901
893,upper,off,左方向-復路,-0.373883441313739
894,upper,off,左方向-復路,-0.4249969482581055
895,upper,off,左方向-復路,-0.8005674387538317
896,upper,off,左方向-復路,-0.7426288956221108
897,upper,off,左方向-復路,-0.7794166833772715
898,upper,off,左方向-復路,-0.7733219691839008
899,upper,off,左方向-復路,-0.5023205804642655
900,upper,off,左方向-復路,-0.5882294253769239
901,upper,off,左方向-復路,-0.5504816727602868
902,upper,off,左方向-復路,-0.821661237771424
903,upper,off,左方向-復路,-0.8992378393573611
904,upper,off,左方向-復路,-0.9020971619249651
905,upper,off,左方向-復路,-0.5688070405574609
906,upper,off,左方向-復路,-0.027170426724530312
907,upper,off,左方向-復路,-0.13599523757098603
908,upper,off,左方向-復路,-0.10562392077968717
909,upper,off,左方向-復路,-0.6235975138065146
910,upper,off,左方向-復路,-0.9831192416985817
911,upper,off,左方向-復路,-0.94140162146708
912,upper,off,左方向-復路,-0.8291946799591702
913,upper,off,左方向-復路,-0.46896819020885183
914,upper,off,左方向-復路,-1.1410916163914446
915,upper,off,左方向-復路,-0.43801181168015446
916,upper,off,左方向-復路,0.2814025960502065
917,upper,off,左方向-復路,0.055398115457853996
918,upper,off,左方向-復路,-0.20947636131529304
919,upper,off,左方向-復路,-0.6510665301678609
920,upper,off,左方向-復路,-0.6840219379453802
921,upper,off,左方向-復路,-0.5827329694372484
922,upper,off,左方向-復路,-0.5571688794172334
923,upper,off,左方向-復路,-0.5958838341366185
924,upper,off,左方向-復路,-0.5276259578228782
925,upper,off,左方向-復路,-0.7105368888972492
926,upper,off,左方向-復路,-1.029854152528656
927,upper,off,左方向-復路,-0.9934512112490423
928,upper,off,左方向-復路,-0.9895253299768816
929,upper,off,左方向-復路,-0.799659275839395
930,upper,off,左方向-復路,-0.8083423164524939
931,upper,off,左方向-復路,-0.6662097760915839
932,upper,off,左方向-復路,0.1286346048094399
933,upper,off,左方向-復路,-0.4660412236671474
934,upper,off,左方向-復路,0.14577163313793776
935,upper,off,左方向-復路,-0.7632794753231145
936,upper,off,左方向-復路,-0.8702012860279982
937,upper,off,左方向-復路,-0.6451108266102994
938,upper,off,左方向-復路,-0.5230202144710115
939,upper,off,左方向-復路,0.07770872587778742
940,upper,off,左方向-復路,-0.9412661567604131
941,upper,off,左方向-復路,-0.6124821275456273
942,upper,off,左方向-復路,-0.9169196055266319
943,upper,off,左方向-復路,-0.24149149640517814
944,upper,off,左方向-復路,-1.2539677380832064
945,upper,off,左方向-復路,-0.6722975567619515
946,upper,off,左方向-復路,-0.49393969228279244
947,upper,off,左方向-復路,-0.8831128208057809
948,upper,off,左方向-復路,-0.1308455520862101
949,upper,off,左方向-復路,-1.0662185572014446
950,upper,off,左方向-復路,-0.41625451961087223
951,upper,off,左方向-復路,-0.7679011315115339
952,upper,off,左方向-復路,-0.7259091106668984
953,upper,off,左方向-復路,-1.1545439227237442
954,upper,off,左方向-復路,-0.9904183916806806
955,upper,off,左方向-復路,-0.15253193825360023
956,upper,off,左方向-復路,-0.6194355003168541
957,upper,off,左方向-復路,-0.5521327235263673
958,upper,off,左方向-復路,-0.5309332196003376
959,upper,off,左方向-復路,-0.2837567591623383
960,bottom,on,右方向-往路,-0.4896732045525856
961,bottom,on,右方向-往路,0.4111961795268112
962,bottom,on,右方向-往路,-0.30213904527374835
963,bottom,on,右方向-往路,-0.6991863385493073
964,bottom,on,右方向-往路,-0.6154697939848944
965,bottom,on,右方向-往路,-0.3149344327649607
966,bottom,on,右方向-往路,-0.13441079130113306
967,bottom,on,右方向-往路,-0.6386496734829674
968,bottom,on,右方向-往路,-0.5217612909916604
969,bottom,on,右方向-往路,-0.3853488856601732
970,bottom,on,右方向-往路,1.8144981794203074
971,bottom,on,右方向-往路,1.5005702698258792
972,bottom,on,右方向-往路,0.3765652327107569
973,bottom,on,右方向-往路,1.3942818260696015
974,bottom,on,右方向-往路,1.025390396664235
975,bottom,on,右方向-往路,-0.1468664104807685
976,bottom,on,右方向-往路,-0.25620904712887826
977,bottom,on,右方向-往路,-0.1580387172790959
978,bottom,on,右方向-往路,-0.5306883451855152
979,bottom,on,右方向-往路,-0.12525892973612798
980,bottom,on,右方向-往路,0.4422105797834113
981,bottom,on,右方向-往路,0.05413669940309137
982,bottom,on,右方向-往路,0.016490548070802462
983,bottom,on,右方向-往路,0.08820505589176997
984,bottom,on,右方向-往路,0.4203531559052779
985,bottom,on,右方向-往路,1.2340010289681462
986,bottom,on,右方向-往路,0.2553308155339276
987,bottom,on,右方向-往路,0.7599728207904906
988,bottom,on,右方向-往路,0.7455846489037584
989,bottom,on,右方向-往路,0.7903123283472522
990,bottom,on,右方向-往路,-0.04625943423263443
991,bottom,on,右方向-往路,-0.12415423603394149
992,bottom,on,右方向-往路,-0.22717170194675188
993,bottom,on,右方向-往路,-0.3272608650725048
994,bottom,on,右方向-往路,-0.17009524149721267
995,bottom,on,右方向-往路,0.7752065880489375
996,bottom,on,右方向-往路,-0.0327412380057952
997,bottom,on,右方向-往路,-0.12367543463912584
998,bottom,on,右方向-往路,-0.21483164788701486
999,bottom,on,右方向-往路,0.21874119300683856
1000,bottom,on,右方向-往路,0.8506781291709467
1001,bottom,on,右方向-往路,0.9326152257215632
1002,bottom,on,右方向-往路,0.8404492093074527
1003,bottom,on,右方向-往路,0.6262818712500662
1004,bottom,on,右方向-往路,0.20787708339339192
1005,bottom,on,右方向-往路,0.49728161848546504
1006,bottom,on,右方向-往路,0.342023598517135
1007,bottom,on,右方向-往路,0.008474022429072295
1008,bottom,on,右方向-往路,-0.13070919499447747
1009,bottom,on,右方向-往路,-0.2491208428463713
1010,bottom,on,右方向-往路,-0.5582608518299097
1011,bottom,on,右方向-往路,-0.5833526155298631
1012,bottom,on,右方向-往路,-0.8658936887266512
1013,bottom,on,右方向-往路,-0.7371079515244227
1014,bottom,on,右方向-往路,-0.6670364015414365
1015,bottom,on,右方向-往路,1.332440400326045
1016,bottom,on,右方向-往路,0.6448784053706066
1017,bottom,on,右方向-往路,-0.12014451430281828
1018,bottom,on,右方向-往路,-0.13990761011639666
1019,bottom,on,右方向-往路,0.2336695437127111
1020,bottom,on,右方向-往路,-0.15884103916437559
1021,bottom,on,右方向-往路,-0.36959525989137165
1022,bottom,on,右方向-往路,-0.08733763155343138
1023,bottom,on,右方向-往路,-0.2043433041476362
1024,bottom,on,右方向-往路,-0.15511409176248636
1025,bottom,on,右方向-往路,0.5053735106530833
1026,bottom,on,右方向-往路,0.40448829240989076
1027,bottom,on,右方向-往路,0.35398405222213297
1028,bottom,on,右方向-往路,0.9666292828509832
1029,bottom,on,右方向-往路,-0.113996723044683
1030,bottom,on,右方向-往路,0.06347604667122184
1031,bottom,on,右方向-往路,0.10299647547475742
1032,bottom,on,右方向-往路,0.5322855128628495
1033,bottom,on,右方向-往路,0.16519243249073248
1034,bottom,on,右方向-往路,-0.15813266900711612
1035,bottom,on,右方向-往路,0.48998847641118787
1036,bottom,on,右方向-往路,0.7015708799217878
1037,bottom,on,右方向-往路,1.876594623493809
1038,bottom,on,右方向-往路,1.4841828393110437
1039,bottom,on,右方向-往路,1.3946958127317977
1040,bottom,on,右方向-往路,-0.4084785717596784
1041,bottom,on,右方向-往路,-0.3313198518404476
1042,bottom,on,右方向-往路,-0.32624697133726366
1043,bottom,on,右方向-往路,-0.43832008913458326
1044,bottom,on,右方向-往路,-0.40182212720184185
1045,bottom,on,右方向-往路,1.4234279741408395
1046,bottom,on,右方向-往路,1.2865681190394924
1047,bottom,on,右方向-往路,1.1439372772961378
1048,bottom,on,右方向-往路,0.5750007946661968
1049,bottom,on,右方向-往路,0.4649305486348614
1050,bottom,on,右方向-往路,-0.060928745611674516
1051,bottom,on,右方向-往路,1.0422472708203931
1052,bottom,on,右方向-往路,0.433689642295202
1053,bottom,on,右方向-往路,0.060415573498056284
1054,bottom,on,右方向-往路,0.7769678210565932
1055,bottom,on,右方向-往路,0.34612826736375607
1056,bottom,on,右方向-往路,2.780717258550705
1057,bottom,on,右方向-往路,2.209261630476568
1058,bottom,on,右方向-往路,2.2154184859222843
1059,bottom,on,右方向-往路,2.8515548945477023
1060,bottom,on,右方向-往路,0.36995221377420984
1061,bottom,on,右方向-往路,0.10280560542376244
1062,bottom,on,右方向-往路,0.07956644566477244
1063,bottom,on,右方向-往路,-0.03851722972384862
1064,bottom,on,右方向-往路,-0.06082744783848016
1065,bottom,on,右方向-往路,0.7328828729404032
1066,bottom,on,右方向-往路,1.3011104319836555
1067,bottom,on,右方向-往路,1.1218669717569612
1068,bottom,on,右方向-往路,0.37425822395776187
1069,bottom,on,右方向-往路,0.4630386926098245
1070,bottom,on,右方向-往路,-0.43594084573460473
1071,bottom,on,右方向-往路,0.478326037950293
1072,bottom,on,右方向-往路,0.09112142788083777
1073,bottom,on,右方向-往路,-0.30451783576789376
1074,bottom,on,右方向-往路,-0.8906009680538369
1075,bottom,on,右方向-往路,0.3862103461286256
1076,bottom,on,右方向-往路,0.2087945791868244
1077,bottom,on,右方向-往路,-0.033874695388229535
1078,bottom,on,右方向-往路,-0.43912272207715786
1079,bottom,on,右方向-往路,0.06848362103660684
1080,bottom,off,右方向-往路,-0.22764411230321002
1081,bottom,off,右方向-往路,-0.20468999588576603
1082,bottom,off,右方向-往路,0.2589832781834658
1083,bottom,off,右方向-往路,0.34630872432298765
1084,bottom,off,右方向-往路,-0.24705318327981624
1085,bottom,off,右方向-往路,-0.21089993422394177
1086,bottom,off,右方向-往路,-0.250209757393919
1087,bottom,off,右方向-往路,-0.284306236930989
1088,bottom,off,右方向-往路,-0.08123258739731813
1089,bottom,off,右方向-往路,-0.39381672063314005
1090,bottom,off,右方向-往路,1.0136715832417535
1091,bottom,off,右方向-往路,0.5115682923636458
1092,bottom,off,右方向-往路,1.359565094532105
1093,bottom,off,右方向-往路,1.8762957695572766
1094,bottom,off,右方向-往路,2.514322632589664
1095,bottom,off,右方向-往路,-0.3072255451412305
1096,bottom,off,右方向-往路,-0.12694410811388496
1097,bottom,off,右方向-往路,0.48210389769204925
1098,bottom,off,右方向-往路,0.5180102243578767
1099,bottom,off,右方向-往路,0.971676774311673
1100,bottom,off,右方向-往路,0.6516766507559129
1101,bottom,off,右方向-往路,0.33612544745694817
1102,bottom,off,右方向-往路,0.7124137402637197
1103,bottom,off,右方向-往路,0.8177456840533606
1104,bottom,off,右方向-往路,0.8594299254961993
1105,bottom,off,右方向-往路,0.631895178898369
1106,bottom,off,右方向-往路,1.1502425280451232
1107,bottom,off,右方向-往路,0.857957500697758
1108,bottom,off,右方向-往路,1.0159911040611764
1109,bottom,off,右方向-往路,0.6557430718932103
1110,bottom,off,右方向-往路,-0.2697587179510451
1111,bottom,off,右方向-往路,-0.22382092662141595
1112,bottom,off,右方向-往路,-0.19921833373810693
1113,bottom,off,右方向-往路,-0.21657962598735117
1114,bottom,off,右方向-往路,-0.08835098240779125
1115,bottom,off,右方向-往路,0.19406385509500135
1116,bottom,off,右方向-往路,0.7583019662833917
1117,bottom,off,右方向-往路,0.1680297607739844
1118,bottom,off,右方向-往路,0.09446907429121894
1119,bottom,off,右方向-往路,0.9885029847100645
1120,bottom,off,右方向-往路,0.7980420916114296
1121,bottom,off,右方向-往路,-0.006520601986940287
1122,bottom,off,右方向-往路,0.167695655792695
1123,bottom,off,右方向-往路,0.36424181214232276
1124,bottom,off,右方向-往路,1.2701395845158028
1125,bottom,off,右方向-往路,-0.3908811218212112
1126,bottom,off,右方向-往路,-0.5276884695462106
1127,bottom,off,右方向-往路,-0.45399363178405583
1128,bottom,off,右方向-往路,-0.4428623948561316
1129,bottom,off,右方向-往路,-0.21977844497565213
1130,bottom,off,右方向-往路,-0.6567548739995773
1131,bottom,off,右方向-往路,-0.2535865652715913
1132,bottom,off,右方向-往路,-0.4375889898288283
1133,bottom,off,右方向-往路,-0.5810243237337722
1134,bottom,off,右方向-往路,-0.39259370577932895
1135,bottom,off,右方向-往路,0.31667551034290703
1136,bottom,off,右方向-往路,1.5483974840422712
1137,bottom,off,右方向-往路,0.9641514827454364
1138,bottom,off,右方向-往路,1.3202132353830835
1139,bottom,off,右方向-往路,0.9767804349856642
1140,bottom,off,右方向-往路,-0.5045724450179032
1141,bottom,off,右方向-往路,-0.4498087480861059
1142,bottom,off,右方向-往路,-0.33789160640746607
1143,bottom,off,右方向-往路,0.4831412069983915
1144,bottom,off,右方向-往路,-0.1818794255155089
1145,bottom,off,右方向-往路,0.33623252203229936
1146,bottom,off,右方向-往路,-0.06376932136529384
1147,bottom,off,右方向-往路,0.7004610164614883
1148,bottom,off,右方向-往路,0.2648547581404742
1149,bottom,off,右方向-往路,0.11213680579409656
1150,bottom,off,右方向-往路,-0.3763009880730779
1151,bottom,off,右方向-往路,-0.567771007429631
1152,bottom,off,右方向-往路,-0.39796936579196485
1153,bottom,off,右方向-往路,-0.35772240113494147
1154,bottom,off,右方向-往路,-0.17976645267431413
1155,bottom,off,右方向-往路,-0.0927892602299153
1156,bottom,off,右方向-往路,0.06803206394866217
1157,bottom,off,右方向-往路,1.4857011285683015
1158,bottom,off,右方向-往路,0.22944254318172883
1159,bottom,off,右方向-往路,1.0785785008590125
1160,bottom,off,右方向-往路,-0.47517163626341724
1161,bottom,off,右方向-往路,-0.37598178012059663
1162,bottom,off,右方向-往路,-0.3129014857476916
1163,bottom,off,右方向-往路,-0.2604538461852502
1164,bottom,off,右方向-往路,-0.01077669484628315
1165,bottom,off,右方向-往路,1.204687762485413
1166,bottom,off,右方向-往路,0.6532505187765103
1167,bottom,off,右方向-往路,1.923662020695619
1168,bottom,off,右方向-往路,1.8180720437495135
1169,bottom,off,右方向-往路,1.834183387427617
1170,bottom,off,右方向-往路,0.062326211902389295
1171,bottom,off,右方向-往路,-0.16681321213230751
1172,bottom,off,右方向-往路,0.1049615314428064
1173,bottom,off,右方向-往路,-0.5260457614662736
1174,bottom,off,右方向-往路,-0.09463812685444968
1175,bottom,off,右方向-往路,1.9186832048933666
1176,bottom,off,右方向-往路,1.4399489688225084
1177,bottom,off,右方向-往路,2.292767565953968
1178,bottom,off,右方向-往路,0.37576209910361047
1179,bottom,off,右方向-往路,0.04529211928616951
1180,bottom,off,右方向-往路,-0.14317631038544867
1181,bottom,off,右方向-往路,1.7517869211259243
1182,bottom,off,右方向-往路,-0.159740692572832
1183,bottom,off,右方向-往路,-0.06970373168410458
1184,bottom,off,右方向-往路,0.76582153429485
1185,bottom,off,右方向-往路,2.2753402058536665
1186,bottom,off,右方向-往路,2.427671664212277
1187,bottom,off,右方向-往路,1.4381222202179829
1188,bottom,off,右方向-往路,1.7045073733457017
1189,bottom,off,右方向-往路,2.382025031144123
1190,bottom,off,右方向-往路,-0.28284091212495305
1191,bottom,off,右方向-往路,0.25031294847341035
1192,bottom,off,右方向-往路,0.39751014955539143
1193,bottom,off,右方向-往路,0.46496575354716474
1194,bottom,off,右方向-往路,0.28535891353406323
1195,bottom,off,右方向-往路,-0.512304712144885
1196,bottom,off,右方向-往路,-0.017139821675176983
1197,bottom,off,右方向-往路,-0.32212313747939925
1198,bottom,off,右方向-往路,0.2628230129411646
1199,bottom,off,右方向-往路,0.03650189481530389
1200,bottom,on,右方向-復路,-1.013734252940344
1201,bottom,on,右方向-復路,-0.6770881070293415
1202,bottom,on,右方向-復路,-0.9763538380782205
1203,bottom,on,右方向-復路,-0.9478851484961878
1204,bottom,on,右方向-復路,-0.5798233615949708
1205,bottom,on,右方向-復路,-1.0415224085042314
1206,bottom,on,右方向-復路,-0.6054584775495252
1207,bottom,on,右方向-復路,-1.1423696484848462
1208,bottom,on,右方向-復路,-0.9513520160631062
1209,bottom,on,右方向-復路,-0.8298034800626899
1210,bottom,on,右方向-復路,-0.6781243514845763
1211,bottom,on,右方向-復路,-0.4228137502425161
1212,bottom,on,右方向-復路,-0.9346735489262207
1213,bottom,on,右方向-復路,-0.32575310595116724
1214,bottom,on,右方向-復路,-0.6116410453361737
1215,bottom,on,右方向-復路,-0.31666475616380696
1216,bottom,on,右方向-復路,-0.18344283609043616
1217,bottom,on,右方向-復路,-0.7218506574439307
1218,bottom,on,右方向-復路,-0.9597394662967768
1219,bottom,on,右方向-復路,-0.3684836093323528
1220,bottom,on,右方向-復路,0.02952564724675586
1221,bottom,on,右方向-復路,-0.6981634392888126
1222,bottom,on,右方向-復路,-1.0061722389989
1223,bottom,on,右方向-復路,-0.8256544638536881
1224,bottom,on,右方向-復路,-0.7877744200510252
1225,bottom,on,右方向-復路,0.9677578695941964
1226,bottom,on,右方向-復路,-0.9019341011059777
1227,bottom,on,右方向-復路,-0.8610356576685406
1228,bottom,on,右方向-復路,-0.7712266296207916
1229,bottom,on,右方向-復路,-0.7384372352427111
1230,bottom,on,右方向-復路,-0.3277138239769331
1231,bottom,on,右方向-復路,-0.44843991872332517
1232,bottom,on,右方向-復路,-0.4324055760658055
1233,bottom,on,右方向-復路,-0.5152250572592141
1234,bottom,on,右方向-復路,-0.6692355002793376
1235,bottom,on,右方向-復路,-0.833127651317815
1236,bottom,on,右方向-復路,0.01592861438183798
1237,bottom,on,右方向-復路,-0.450042794715348
1238,bottom,on,右方向-復路,-0.527821994054416
1239,bottom,on,右方向-復路,-1.236288427846589
1240,bottom,on,右方向-復路,-0.7166296007069215
1241,bottom,on,右方向-復路,-0.7240936167758962
1242,bottom,on,右方向-復路,-0.6479043046442304
1243,bottom,on,右方向-復路,-0.8659490052199038
1244,bottom,on,右方向-復路,-0.7127641484513787
1245,bottom,on,右方向-復路,0.3389656014865348
1246,bottom,on,右方向-復路,1.01709035621897
1247,bottom,on,右方向-復路,0.8991248481448342
1248,bottom,on,右方向-復路,0.04937432022097368
1249,bottom,on,右方向-復路,-0.14753796201821645
1250,bottom,on,右方向-復路,-0.8908484623176424
1251,bottom,on,右方向-復路,-0.9325495010440661
1252,bottom,on,右方向-復路,-0.8308030436703453
1253,bottom,on,右方向-復路,-0.6268032970956167
1254,bottom,on,右方向-復路,-0.6726851399641509
1255,bottom,on,右方向-復路,-0.9340814399312078
1256,bottom,on,右方向-復路,-0.7678869660779933
1257,bottom,on,右方向-復路,-0.8049997216351715
1258,bottom,on,右方向-復路,-0.6375452706399636
1259,bottom,on,右方向-復路,-0.7436405666222508
1260,bottom,on,右方向-復路,-0.553659307704504
1261,bottom,on,右方向-復路,-0.5928445160043682
1262,bottom,on,右方向-復路,-0.6215846896928509
1263,bottom,on,右方向-復路,-0.7731965856419596
1264,bottom,on,右方向-復路,-0.6669511220885258
1265,bottom,on,右方向-復路,-0.3779326530087266
1266,bottom,on,右方向-復路,-0.6670159175296632
1267,bottom,on,右方向-復路,-0.7116789347013208
1268,bottom,on,右方向-復路,-1.000176400938895
1269,bottom,on,右方向-復路,-0.6016371931797613
1270,bottom,on,右方向-復路,-1.02171438119589
1271,bottom,on,右方向-復路,-0.7621077750678441
1272,bottom,on,右方向-復路,-0.2337493780234602
1273,bottom,on,右方向-復路,-0.942450745551344
1274,bottom,on,右方向-復路,0.17580547714376457
1275,bottom,on,右方向-復路,-1.1513399014771326
1276,bottom,on,右方向-復路,-0.9872533338973886
1277,bottom,on,右方向-復路,-1.2040716909694462
1278,bottom,on,右方向-復路,-1.4689100661375398
1279,bottom,on,右方向-復路,-0.7564346241491983
1280,bottom,on,右方向-復路,-0.6971910609036472
1281,bottom,on,右方向-復路,-0.44654729705398893
1282,bottom,on,右方向-復路,-0.4567056428717856
1283,bottom,on,右方向-復路,-0.4388272152623441
1284,bottom,on,右方向-復路,-0.5051349963490995
1285,bottom,on,右方向-復路,-0.9699503981569386
1286,bottom,on,右方向-復路,-0.9133854372973786
1287,bottom,on,右方向-復路,-0.6731156749407733
1288,bottom,on,右方向-復路,-0.8201587058410823
1289,bottom,on,右方向-復路,-0.7658425961773792
1290,bottom,on,右方向-復路,-0.8739279596158511
1291,bottom,on,右方向-復路,-0.7206921702009926
1292,bottom,on,右方向-復路,-0.9457155324478875
1293,bottom,on,右方向-復路,-0.6833020698936877
1294,bottom,on,右方向-復路,-0.664853205936165
1295,bottom,on,右方向-復路,-0.8712594631057662
1296,bottom,on,右方向-復路,-0.43896639279089983
1297,bottom,on,右方向-復路,-0.8466814604315998
1298,bottom,on,右方向-復路,-0.6547328177238214
1299,bottom,on,右方向-復路,-0.4070455811411828
1300,bottom,on,右方向-復路,-0.9559217273501355
1301,bottom,on,右方向-復路,-1.0879960860082938
1302,bottom,on,右方向-復路,-0.8340025287502846
1303,bottom,on,右方向-復路,-0.9290090667531602
1304,bottom,on,右方向-復路,-1.1541095896466285
1305,bottom,on,右方向-復路,-0.6237317227434048
1306,bottom,on,右方向-復路,-0.9764150390274832
1307,bottom,on,右方向-復路,-0.9465305766747643
1308,bottom,on,右方向-復路,-1.0079105615623514
1309,bottom,on,右方向-復路,-0.7829071780853537
1310,bottom,on,右方向-復路,-0.309414489947256
1311,bottom,on,右方向-復路,-0.8107508985581704
1312,bottom,on,右方向-復路,-0.5842110781939348
1313,bottom,on,右方向-復路,-0.6836042712802425
1314,bottom,on,右方向-復路,-0.32962373149032664
1315,bottom,on,右方向-復路,-0.47572503834331575
1316,bottom,on,右方向-復路,0.42999423735610465
1317,bottom,on,右方向-復路,-0.26495929945675195
1318,bottom,on,右方向-復路,-0.6710919003682372
1319,bottom,on,右方向-復路,-0.33251777019319906
1320,bottom,off,右方向-復路,-0.5784636118799543
1321,bottom,off,右方向-復路,-0.859583391158993
1322,bottom,off,右方向-復路,-0.6777812406488206
1323,bottom,off,右方向-復路,-0.5958678787820388
1324,bottom,off,右方向-復路,-0.704736526204952
1325,bottom,off,右方向-復路,-0.7473520440208442
1326,bottom,off,右方向-復路,-0.5392034489022166
1327,bottom,off,右方向-復路,-0.2320055617280677
1328,bottom,off,右方向-復路,-0.03424160235242718
1329,bottom,off,右方向-復路,-0.4358057710004447
1330,bottom,off,右方向-復路,-0.7134591933106992
1331,bottom,off,右方向-復路,-0.49997362932214595
1332,bottom,off,右方向-復路,-0.4222749536821105
1333,bottom,off,右方向-復路,-0.36105198623300744
1334,bottom,off,右方向-復路,-0.7259725454959356
1335,bottom,off,右方向-復路,-0.40892819487420506
1336,bottom,off,右方向-復路,-0.42949242878685706
1337,bottom,off,右方向-復路,-0.09620765306357561
1338,bottom,off,右方向-復路,0.21531345327876086
1339,bottom,off,右方向-復路,-0.5988134522161013
1340,bottom,off,右方向-復路,-0.3017690103422216
1341,bottom,off,右方向-復路,-0.34017599462514925
1342,bottom,off,右方向-復路,-0.710304385980744
1343,bottom,off,右方向-復路,-0.6065502773465137
1344,bottom,off,右方向-復路,-0.6996820519465032
1345,bottom,off,右方向-復路,-0.4053358822947297
1346,bottom,off,右方向-復路,-0.6813958709112867
1347,bottom,off,右方向-復路,-0.7223475722859677
1348,bottom,off,右方向-復路,-0.7455702670490509
1349,bottom,off,右方向-復路,-0.8158359345343129
1350,bottom,off,右方向-復路,-0.4375445238039873
1351,bottom,off,右方向-復路,-0.1901031515458692
1352,bottom,off,右方向-復路,0.04781204886448732
1353,bottom,off,右方向-復路,-0.09330143696202316
1354,bottom,off,右方向-復路,-0.3231162286204479
1355,bottom,off,右方向-復路,-0.8751540373251732
1356,bottom,off,右方向-復路,-0.44469352611019825
1357,bottom,off,右方向-復路,-0.3416905858436309
1358,bottom,off,右方向-復路,-0.6269922227255429
1359,bottom,off,右方向-復路,-0.4553023003560502
1360,bottom,off,右方向-復路,-0.6052657489848016
1361,bottom,off,右方向-復路,-0.6622486231531817
1362,bottom,off,右方向-復路,-0.6228814477314076
1363,bottom,off,右方向-復路,-0.6066006240252614
1364,bottom,off,右方向-復路,-0.6759071961624257
1365,bottom,off,右方向-復路,1.4440139220369559
1366,bottom,off,右方向-復路,0.5442744359391992
1367,bottom,off,右方向-復路,0.725724554080519
1368,bottom,off,右方向-復路,0.27218859767942344
1369,bottom,off,右方向-復路,0.5355466107946978
1370,bottom,off,右方向-復路,-0.6422556847085522
1371,bottom,off,右方向-復路,-0.7688584944274619
1372,bottom,off,右方向-復路,-0.08592579905446776
1373,bottom,off,右方向-復路,-0.7514597182293155
1374,bottom,off,右方向-復路,-0.13697569298597465
1375,bottom,off,右方向-復路,0.2957957030381953
1376,bottom,off,右方向-復路,-0.7767370368100005
1377,bottom,off,右方向-復路,0.373222178713477
1378,bottom,off,右方向-復路,0.23100228638675646
1379,bottom,off,右方向-復路,-0.6761822124259287
1380,bottom,off,右方向-復路,-0.6164879595460694
1381,bottom,off,右方向-復路,-0.634482561372591
1382,bottom,off,右方向-復路,-0.7556204505732871
1383,bottom,off,右方向-復路,-0.7065984410375231
1384,bottom,off,右方向-復路,-0.5551289039266922
1385,bottom,off,右方向-復路,-0.7299282539736233
1386,bottom,off,右方向-復路,-0.9399111769055666
1387,bottom,off,右方向-復路,-0.9946156026649295
1388,bottom,off,右方向-復路,-1.0298599688636967
1389,bottom,off,右方向-復路,-0.4883589210367742
1390,bottom,off,右方向-復路,-0.5896075563428638
1391,bottom,off,右方向-復路,-0.4603814737872492
1392,bottom,off,右方向-復路,-0.7427674496284989
1393,bottom,off,右方向-復路,-0.6937585833961409
1394,bottom,off,右方向-復路,-1.0353897499766378
1395,bottom,off,右方向-復路,-0.7542445166398126
1396,bottom,off,右方向-復路,-0.5237741995132422
1397,bottom,off,右方向-復路,-0.9089902146005019
1398,bottom,off,右方向-復路,-0.8732710121511018
1399,bottom,off,右方向-復路,-1.676768873388406
1400,bottom,off,右方向-復路,-0.35129462614955265
1401,bottom,off,右方向-復路,-0.39051150422825703
1402,bottom,off,右方向-復路,-0.3772764416963315
1403,bottom,off,右方向-復路,-0.2504076632947846
1404,bottom,off,右方向-復路,-0.38468295730343116
1405,bottom,off,右方向-復路,-0.9267121781723672
1406,bottom,off,右方向-復路,-0.18107787574469245
1407,bottom,off,右方向-復路,-0.4631217945847504
1408,bottom,off,右方向-復路,-0.7449444717798271
1409,bottom,off,右方向-復路,-0.5652713057821671
1410,bottom,off,右方向-復路,-0.719064308983646
1411,bottom,off,右方向-復路,-0.5757034674951623
1412,bottom,off,右方向-復路,-0.594001617088595
1413,bottom,off,右方向-復路,-0.8104872853042255
1414,bottom,off,右方向-復路,-0.9219473822492766
1415,bottom,off,右方向-復路,-0.7437355956669149
1416,bottom,off,右方向-復路,-0.4507935511860844
1417,bottom,off,右方向-復路,-0.6171768334825378
1418,bottom,off,右方向-復路,-0.8111781736256003
1419,bottom,off,右方向-復路,-0.890466156279308
1420,bottom,off,右方向-復路,0.3095898948188008
1421,bottom,off,右方向-復路,-0.6099794961677466
1422,bottom,off,右方向-復路,-0.6133559753155396
1423,bottom,off,右方向-復路,0.22263175987672137
1424,bottom,off,右方向-復路,-0.534368385328319
1425,bottom,off,右方向-復路,-0.5389806356991079
1426,bottom,off,右方向-復路,-0.560979807533576
1427,bottom,off,右方向-復路,-0.24924267043819667
1428,bottom,off,右方向-復路,0.4464485521690712
1429,bottom,off,右方向-復路,-0.4550181781929126
1430,bottom,off,右方向-復路,-0.365818691828342
1431,bottom,off,右方向-復路,-0.8174007910317288
1432,bottom,off,右方向-復路,-0.33654258731759507
1433,bottom,off,右方向-復路,-0.20730651249639695
1434,bottom,off,右方向-復路,-0.8906491843237254
1435,bottom,off,右方向-復路,-0.6572836175152091
1436,bottom,off,右方向-復路,-0.6889858352501096
1437,bottom,off,右方向-復路,-0.4647906477407393
1438,bottom,off,右方向-復路,-0.2829006955254389
1439,bottom,off,右方向-復路,-0.4485743326369029
1440,bottom,on,左方向-往路,0.17009469785946113
1441,bottom,on,左方向-往路,-0.22973016251076064
1442,bottom,on,左方向-往路,-0.07989008194438843
1443,bottom,on,左方向-往路,0.005477549668720017
1444,bottom,on,左方向-往路,0.06907049453647636
1445,bottom,on,左方向-往路,-0.012326998049034163
1446,bottom,on,左方向-往路,0.20990092336237043
1447,bottom,on,左方向-往路,-0.06172704689367817
1448,bottom,on,左方向-往路,0.11874982869514197
1449,bottom,on,左方向-往路,0.10088790026118832
1450,bottom,on,左方向-往路,-0.30186157786255924
1451,bottom,on,左方向-往路,-0.4309375995044715
1452,bottom,on,左方向-往路,-0.11094743992917047
1453,bottom,on,左方向-往路,-0.22268619195477027
1454,bottom,on,左方向-往路,-0.2618288845335484
1455,bottom,on,左方向-往路,-0.1596277369292386
1456,bottom,on,左方向-往路,0.1340881902394074
1457,bottom,on,左方向-往路,0.2183384954442172
1458,bottom,on,左方向-往路,0.10959570182175439
1459,bottom,on,左方向-往路,0.32217770676209445
1460,bottom,on,左方向-往路,-0.40871537322911355
1461,bottom,on,左方向-往路,-0.38303439146693846
1462,bottom,on,左方向-往路,-0.33781089669101905
1463,bottom,on,左方向-往路,-0.7763426407493285
1464,bottom,on,左方向-往路,-0.7225839044128559
1465,bottom,on,左方向-往路,1.5352304371938033
1466,bottom,on,左方向-往路,0.8129256874524281
1467,bottom,on,左方向-往路,0.7666889033949901
1468,bottom,on,左方向-往路,-0.06869769751684293
1469,bottom,on,左方向-往路,-0.03037894640407653
1470,bottom,on,左方向-往路,-0.3297080531704766
1471,bottom,on,左方向-往路,-0.42798851902223123
1472,bottom,on,左方向-往路,-0.4828510007554072
1473,bottom,on,左方向-往路,-0.5371739445519378
1474,bottom,on,左方向-往路,-0.43894693236641036
1475,bottom,on,左方向-往路,0.2178264230278899
1476,bottom,on,左方向-往路,0.059272723491539885
1477,bottom,on,左方向-往路,-0.6049101598646264
1478,bottom,on,左方向-往路,-0.750430175063045
1479,bottom,on,左方向-往路,-0.3127943755975985
1480,bottom,on,左方向-往路,-0.17515412458420135
1481,bottom,on,左方向-往路,-0.3730086531911557
1482,bottom,on,左方向-往路,-0.34084272225639467
1483,bottom,on,左方向-往路,-0.0977585755872919
1484,bottom,on,左方向-往路,-0.18853018671502697
1485,bottom,on,左方向-往路,1.101761180358473
1486,bottom,on,左方向-往路,0.4147699435399971
1487,bottom,on,左方向-往路,-0.014946437940026655
1488,bottom,on,左方向-往路,0.3286650717691041
1489,bottom,on,左方向-往路,0.055019863130348456
1490,bottom,on,左方向-往路,0.9830103461941773
1491,bottom,on,左方向-往路,1.9491558051911073
1492,bottom,on,左方向-往路,0.5986028146921223
1493,bottom,on,左方向-往路,0.6666008724313721
1494,bottom,on,左方向-往路,0.5975942121014621
1495,bottom,on,左方向-往路,-0.5108305021673224
1496,bottom,on,左方向-往路,-0.25557420354625404
1497,bottom,on,左方向-往路,-0.7062964256039846
1498,bottom,on,左方向-往路,-0.6333387532661489
1499,bottom,on,左方向-往路,-0.06781390362651377
1500,bottom,on,左方向-往路,1.1930251155838503
1501,bottom,on,左方向-往路,0.8403163865741348
1502,bottom,on,左方向-往路,0.5420644068221278
1503,bottom,on,左方向-往路,0.77628141405034
1504,bottom,on,左方向-往路,0.10161658954547335
1505,bottom,on,左方向-往路,0.9602350816420293
1506,bottom,on,左方向-往路,0.3854109161334728
1507,bottom,on,左方向-往路,0.8565669335807169
1508,bottom,on,左方向-往路,0.838621992206132
1509,bottom,on,左方向-往路,0.2155422718032271
1510,bottom,on,左方向-往路,0.8921008561834558
1511,bottom,on,左方向-往路,0.6000225077343694
1512,bottom,on,左方向-往路,0.18654514076487408
1513,bottom,on,左方向-往路,0.3483588411991767
1514,bottom,on,左方向-往路,0.8976412296379686
1515,bottom,on,左方向-往路,0.1991254082851743
1516,bottom,on,左方向-往路,0.16193852500846473
1517,bottom,on,左方向-往路,0.36508470302797624
1518,bottom,on,左方向-往路,0.489600126673205
1519,bottom,on,左方向-往路,0.27477238329566384
1520,bottom,on,左方向-往路,0.9281202510147429
1521,bottom,on,左方向-往路,0.42530848014177813
1522,bottom,on,左方向-往路,-0.03155957235533386
1523,bottom,on,左方向-往路,0.2347052984992054
1524,bottom,on,左方向-往路,0.1763812744973434
1525,bottom,on,左方向-往路,0.6316928588941585
1526,bottom,on,左方向-往路,0.009151088471131094
1527,bottom,on,左方向-往路,-0.08815113855337198
1528,bottom,on,左方向-往路,0.3340707624988801
1529,bottom,on,左方向-往路,-0.3747731392136742
1530,bottom,on,左方向-往路,-0.41186034721035875
1531,bottom,on,左方向-往路,0.5485232472194651
1532,bottom,on,左方向-往路,-0.446954336612028
1533,bottom,on,左方向-往路,-0.19561415965529405
1534,bottom,on,左方向-往路,0.4110497609505891
1535,bottom,on,左方向-往路,-0.26037805570933187
1536,bottom,on,左方向-往路,-0.061303128741693816
1537,bottom,on,左方向-往路,-0.7971780560478433
1538,bottom,on,左方向-往路,-0.8026917076620814
1539,bottom,on,左方向-往路,1.5691272313986169
1540,bottom,on,左方向-往路,1.0221431298107229
1541,bottom,on,左方向-往路,0.9882716076902466
1542,bottom,on,左方向-往路,2.161891677228576
1543,bottom,on,左方向-往路,1.2485619552422744
1544,bottom,on,左方向-往路,1.51935625458678
1545,bottom,on,左方向-往路,-0.06947866778335679
1546,bottom,on,左方向-往路,0.08919974924014365
1547,bottom,on,左方向-往路,0.8020856328339611
1548,bottom,on,左方向-往路,0.1987969869446711
1549,bottom,on,左方向-往路,0.304870452946343
1550,bottom,on,左方向-往路,0.8838884279756385
1551,bottom,on,左方向-往路,1.74751880767811
1552,bottom,on,左方向-往路,-0.028637636607877034
1553,bottom,on,左方向-往路,0.7818803226579252
1554,bottom,on,左方向-往路,2.140358732311741
1555,bottom,on,左方向-往路,0.7640159642234233
1556,bottom,on,左方向-往路,2.642514767324431
1557,bottom,on,左方向-往路,2.944344376185752
1558,bottom,on,左方向-往路,2.147851037232911
1559,bottom,on,左方向-往路,3.6645333725786147
1560,bottom,off,左方向-往路,1.1580749249607099
1561,bottom,off,左方向-往路,1.2940822239529404
1562,bottom,off,左方向-往路,0.4460123891463031
1563,bottom,off,左方向-往路,0.6473970662048224
1564,bottom,off,左方向-往路,0.7320730167150881
1565,bottom,off,左方向-往路,0.8457609168980085
1566,bottom,off,左方向-往路,0.7354605806146575
1567,bottom,off,左方向-往路,1.383853155760615
1568,bottom,off,左方向-往路,0.9941924741322962
1569,bottom,off,左方向-往路,0.9308969364469837
1570,bottom,off,左方向-往路,1.858029039389221
1571,bottom,off,左方向-往路,0.37822202260503435
1572,bottom,off,左方向-往路,0.08818542178113274
1573,bottom,off,左方向-往路,-0.055613388662727734
1574,bottom,off,左方向-往路,0.11932281103990103
1575,bottom,off,左方向-往路,0.024338197461016366
1576,bottom,off,左方向-往路,0.07385135615023104
1577,bottom,off,左方向-往路,0.2784855353389534
1578,bottom,off,左方向-往路,0.8254662831892133
1579,bottom,off,左方向-往路,1.1529747856022812
1580,bottom,off,左方向-往路,0.1745408021290356
1581,bottom,off,左方向-往路,0.2721299910642863
1582,bottom,off,左方向-往路,0.3227841005366981
1583,bottom,off,左方向-往路,0.4786817428572777
1584,bottom,off,左方向-往路,0.7455210731680795
1585,bottom,off,左方向-往路,0.9267314378775805
1586,bottom,off,左方向-往路,1.3691369139622813
1587,bottom,off,左方向-往路,1.0017209668249287
1588,bottom,off,左方向-往路,1.0451508433696899
1589,bottom,off,左方向-往路,1.330920415543753
1590,bottom,off,左方向-往路,-0.39838863670199864
1591,bottom,off,左方向-往路,-0.32548370480792543
1592,bottom,off,左方向-往路,-0.3840481277916718
1593,bottom,off,左方向-往路,-0.29336141022148166
1594,bottom,off,左方向-往路,-0.2802318560803456
1595,bottom,off,左方向-往路,-0.03621781162355278
1596,bottom,off,左方向-往路,0.6199125264823347
1597,bottom,off,左方向-往路,0.17246387984219147
1598,bottom,off,左方向-往路,0.3673019696835686
1599,bottom,off,左方向-往路,0.3304824155480353
1600,bottom,off,左方向-往路,0.02264508091999577
1601,bottom,off,左方向-往路,0.06167464376400524
1602,bottom,off,左方向-往路,-0.09881733509706093
1603,bottom,off,左方向-往路,0.3112614583998959
1604,bottom,off,左方向-往路,-0.03173305432733641
1605,bottom,off,左方向-往路,2.4276432608612093
1606,bottom,off,左方向-往路,2.420494743983429
1607,bottom,off,左方向-往路,1.007488842799826
1608,bottom,off,左方向-往路,0.5017206432933928
1609,bottom,off,左方向-往路,0.1099560891879919
1610,bottom,off,左方向-往路,0.944530956298138
1611,bottom,off,左方向-往路,1.833346396634859
1612,bottom,off,左方向-往路,1.810025187153774
1613,bottom,off,左方向-往路,1.2175842432157153
1614,bottom,off,左方向-往路,2.245856664541736
1615,bottom,off,左方向-往路,-0.5370723294406922
1616,bottom,off,左方向-往路,-0.3618450419397855
1617,bottom,off,左方向-往路,-0.46953130198213927
1618,bottom,off,左方向-往路,-0.35560912990349935
1619,bottom,off,左方向-往路,-0.178899371752033
1620,bottom,off,左方向-往路,-0.30464401092360116
1621,bottom,off,左方向-往路,-0.05056976471209952
1622,bottom,off,左方向-往路,0.22233658240227416
1623,bottom,off,左方向-往路,0.6404192249644791
1624,bottom,off,左方向-往路,-0.01051625320064833
1625,bottom,off,左方向-往路,-0.40683510290213515
1626,bottom,off,左方向-往路,-0.2554847119728816
1627,bottom,off,左方向-往路,0.371988916402051
1628,bottom,off,左方向-往路,0.02240100693809419
1629,bottom,off,左方向-往路,-0.03734405581106617
1630,bottom,off,左方向-往路,0.03035713975892646
1631,bottom,off,左方向-往路,0.4698530377486617
1632,bottom,off,左方向-往路,0.08442232252616544
1633,bottom,off,左方向-往路,1.0247159504528027
1634,bottom,off,左方向-往路,0.1605817629533063
1635,bottom,off,左方向-往路,-0.005860975543590601
1636,bottom,off,左方向-往路,-0.18561519321997133
1637,bottom,off,左方向-往路,-0.6494825249319565
1638,bottom,off,左方向-往路,1.8674641462312525
1639,bottom,off,左方向-往路,-0.32265789532804245
1640,bottom,off,左方向-往路,1.155675211379297
1641,bottom,off,左方向-往路,0.14392387902524803
1642,bottom,off,左方向-往路,-0.15258025516713594
1643,bottom,off,左方向-往路,0.449726251942537
1644,bottom,off,左方向-往路,-0.08050437428546788
1645,bottom,off,左方向-往路,-0.2936569149540522
1646,bottom,off,左方向-往路,-0.1727603657061573
1647,bottom,off,左方向-往路,-0.4730294762778211
1648,bottom,off,左方向-往路,0.3382107120092473
1649,bottom,off,左方向-往路,-0.37808774622853375
1650,bottom,off,左方向-往路,2.1245715177454474
1651,bottom,off,左方向-往路,1.3455393255836807
1652,bottom,off,左方向-往路,0.8058553388203475
1653,bottom,off,左方向-往路,2.054020080759276
1654,bottom,off,左方向-往路,0.689063674778027
1655,bottom,off,左方向-往路,-0.32883131514912
1656,bottom,off,左方向-往路,-0.5032067241691375
1657,bottom,off,左方向-往路,-0.3920247474611559
1658,bottom,off,左方向-往路,1.5660835828329027
1659,bottom,off,左方向-往路,-0.15405344120912404
1660,bottom,off,左方向-往路,0.3877476058692661
1661,bottom,off,左方向-往路,0.7874152356100118
1662,bottom,off,左方向-往路,0.5966186329140932
1663,bottom,off,左方向-往路,0.6265024945139976
1664,bottom,off,左方向-往路,0.971280330629751
1665,bottom,off,左方向-往路,0.23044426653017827
1666,bottom,off,左方向-往路,-0.19401075354521766
1667,bottom,off,左方向-往路,-0.39515926025383574
1668,bottom,off,左方向-往路,0.47047057434334244
1669,bottom,off,左方向-往路,-0.071780666944508
1670,bottom,off,左方向-往路,0.6809975901125818
1671,bottom,off,左方向-往路,1.1552114990432767
1672,bottom,off,左方向-往路,0.6780021495056517
1673,bottom,off,左方向-往路,0.7575766370745448
1674,bottom,off,左方向-往路,1.551995003573528
1675,bottom,off,左方向-往路,1.8843267541345843
1676,bottom,off,左方向-往路,0.8880121025509626
1677,bottom,off,左方向-往路,0.34901937969469066
1678,bottom,off,左方向-往路,1.7497807905838259
1679,bottom,off,左方向-往路,0.18504003524341894
1680,bottom,on,左方向-復路,-0.31810634143370425
1681,bottom,on,左方向-復路,-0.7788967896707168
1682,bottom,on,左方向-復路,-0.5169592998708282
1683,bottom,on,左方向-復路,-0.4341168017281752
1684,bottom,on,左方向-復路,-0.5345420864562824
1685,bottom,on,左方向-復路,-0.5937547682378006
1686,bottom,on,左方向-復路,-0.7571735254436277
1687,bottom,on,左方向-復路,-0.9245652593929878
1688,bottom,on,左方向-復路,-0.6564909761778859
1689,bottom,on,左方向-復路,-0.30650558517184534
1690,bottom,on,左方向-復路,-1.1152855590111066
1691,bottom,on,左方向-復路,-0.3843909221205176
1692,bottom,on,左方向-復路,-0.5971131550420575
1693,bottom,on,左方向-復路,-0.7572811788326673
1694,bottom,on,左方向-復路,-0.2638040822654091
1695,bottom,on,左方向-復路,-0.5700304945062358
1696,bottom,on,左方向-復路,-0.6641843148080121
1697,bottom,on,左方向-復路,-0.8234858135923723
1698,bottom,on,左方向-復路,-0.8904169153648359
1699,bottom,on,左方向-復路,-0.22266020646306087
1700,bottom,on,左方向-復路,-0.7135538377482207
1701,bottom,on,左方向-復路,-0.6358649395871319
1702,bottom,on,左方向-復路,-0.9787507655927262
1703,bottom,on,左方向-復路,-0.3293920162810324
1704,bottom,on,左方向-復路,-0.13171259121425846
1705,bottom,on,左方向-復路,-0.9543513259154955
1706,bottom,on,左方向-復路,-1.0010351070362389
1707,bottom,on,左方向-復路,-0.839638917756041
1708,bottom,on,左方向-復路,-0.23657991510247536
1709,bottom,on,左方向-復路,-0.19958250554308965
1710,bottom,on,左方向-復路,-0.40951761487340005
1711,bottom,on,左方向-復路,-0.4272356505568441
1712,bottom,on,左方向-復路,-0.4260400254042124
1713,bottom,on,左方向-復路,-0.27986123638663346
1714,bottom,on,左方向-復路,-0.3561490617590836
1715,bottom,on,左方向-復路,-0.4779257955947966
1716,bottom,on,左方向-復路,-1.0468037365069436
1717,bottom,on,左方向-復路,-0.6143921364777656
1718,bottom,on,左方向-復路,-0.4962383753959578
1719,bottom,on,左方向-復路,0.04846416541455043
1720,bottom,on,左方向-復路,-0.38256035461270577
1721,bottom,on,左方向-復路,-0.4720340596122322
1722,bottom,on,左方向-復路,-0.4687066657129612
1723,bottom,on,左方向-復路,-0.33041178155466877
1724,bottom,on,左方向-復路,-0.4820929733666854
1725,bottom,on,左方向-復路,-0.7808767396260236
1726,bottom,on,左方向-復路,-0.9339590140931563
1727,bottom,on,左方向-復路,-0.9609422384517041
1728,bottom,on,左方向-復路,-0.6364556840571408
1729,bottom,on,左方向-復路,-0.4744853543643222
1730,bottom,on,左方向-復路,-0.9032261985568758
1731,bottom,on,左方向-復路,-0.7916802302318463
1732,bottom,on,左方向-復路,-0.6912469241600916
1733,bottom,on,左方向-復路,-0.4393802947005004
1734,bottom,on,左方向-復路,-0.8617498997270819
1735,bottom,on,左方向-復路,-0.9864609571383058
1736,bottom,on,左方向-復路,-0.7008724339155568
1737,bottom,on,左方向-復路,-0.4641744503294203
1738,bottom,on,左方向-復路,-0.28164737680264257
1739,bottom,on,左方向-復路,-0.507776364165111
1740,bottom,on,左方向-復路,-0.43002014306134073
1741,bottom,on,左方向-復路,-0.3171915913265305
1742,bottom,on,左方向-復路,-0.6242117876038603
1743,bottom,on,左方向-復路,-0.5332124404360605
1744,bottom,on,左方向-復路,-0.03859623511615966
1745,bottom,on,左方向-復路,-0.7263459290024338
1746,bottom,on,左方向-復路,-0.8550534621276557
1747,bottom,on,左方向-復路,-0.9542609314338926
1748,bottom,on,左方向-復路,-0.9797390475742914
1749,bottom,on,左方向-復路,-0.3211685648764344
1750,bottom,on,左方向-復路,-0.6847243408720379
1751,bottom,on,左方向-復路,-0.5986004125139102
1752,bottom,on,左方向-復路,-0.5349759365278085
1753,bottom,on,左方向-復路,-0.7461564235036426
1754,bottom,on,左方向-復路,0.3483801721932325
1755,bottom,on,左方向-復路,-0.7299480136494051
1756,bottom,on,左方向-復路,-0.5461739680796136
1757,bottom,on,左方向-復路,-0.18848404397226115
1758,bottom,on,左方向-復路,-0.9527149379003026
1759,bottom,on,左方向-復路,-0.6879175951135555
1760,bottom,on,左方向-復路,-0.2798791848178042
1761,bottom,on,左方向-復路,-0.16602936060869525
1762,bottom,on,左方向-復路,-0.2523203205596587
1763,bottom,on,左方向-復路,-0.0970019943345352
1764,bottom,on,左方向-復路,-0.36442275954552883
1765,bottom,on,左方向-復路,-0.6881354616036045
1766,bottom,on,左方向-復路,-0.18219155300321258
1767,bottom,on,左方向-復路,-0.6568635423425433
1768,bottom,on,左方向-復路,-0.14630651896662852
1769,bottom,on,左方向-復路,-0.5187702565589053
1770,bottom,on,左方向-復路,-0.6134198966530333
1771,bottom,on,左方向-復路,-0.915906209934685
1772,bottom,on,左方向-復路,-0.6562184194260907
1773,bottom,on,左方向-復路,-0.20864424418037453
1774,bottom,on,左方向-復路,-0.7409754955361466
1775,bottom,on,左方向-復路,-0.7460575907460347
1776,bottom,on,左方向-復路,-0.9791849441177892
1777,bottom,on,左方向-復路,-0.7451101275573816
1778,bottom,on,左方向-復路,-0.1484155704237605
1779,bottom,on,左方向-復路,-0.6523332593884086
1780,bottom,on,左方向-復路,-0.6535929571181178
1781,bottom,on,左方向-復路,-0.8679378238935087
1782,bottom,on,左方向-復路,-0.893521006100332
1783,bottom,on,左方向-復路,-0.5781671497449269
1784,bottom,on,左方向-復路,-0.723370994958969
1785,bottom,on,左方向-復路,-0.7994700612022839
1786,bottom,on,左方向-復路,-0.740076813570206
1787,bottom,on,左方向-復路,-1.1242745504212002
1788,bottom,on,左方向-復路,-0.7864956160150534
1789,bottom,on,左方向-復路,-0.5833143063572871
1790,bottom,on,左方向-復路,-0.4924072007248702
1791,bottom,on,左方向-復路,-1.03442049090328
1792,bottom,on,左方向-復路,-0.6839941915907987
1793,bottom,on,左方向-復路,1.2448472127852537
1794,bottom,on,左方向-復路,-0.22765507426686327
1795,bottom,on,左方向-復路,-0.9807426798486794
1796,bottom,on,左方向-復路,-0.9682482924393291
1797,bottom,on,左方向-復路,-0.7361385496185342
1798,bottom,on,左方向-復路,-0.8395866971317432
1799,bottom,on,左方向-復路,-0.7424606663264194
1800,bottom,off,左方向-復路,-0.7055318493017787
1801,bottom,off,左方向-復路,-0.7775082635370357
1802,bottom,off,左方向-復路,-0.5836162754674048
1803,bottom,off,左方向-復路,-0.7661756909364074
1804,bottom,off,左方向-復路,-0.818040724516672
1805,bottom,off,左方向-復路,-0.7474631599841841
1806,bottom,off,左方向-復路,-0.6729986600896228
1807,bottom,off,左方向-復路,-0.4245482567789556
1808,bottom,off,左方向-復路,-0.6359846621903429
1809,bottom,off,左方向-復路,-0.47030390822104146
1810,bottom,off,左方向-復路,-0.481400756411327
1811,bottom,off,左方向-復路,-0.5025615637018707
1812,bottom,off,左方向-復路,-0.5244299209511502
1813,bottom,off,左方向-復路,-0.5964737793627418
1814,bottom,off,左方向-復路,-0.9397674442548808
1815,bottom,off,左方向-復路,-0.5284482692833934
1816,bottom,off,左方向-復路,-0.6832446447110051
1817,bottom,off,左方向-復路,-0.8279089594985106
1818,bottom,off,左方向-復路,-0.4356806783394148
1819,bottom,off,左方向-復路,-1.2179865848929758
1820,bottom,off,左方向-復路,-0.9088394386997274
1821,bottom,off,左方向-復路,-0.6083844785463023
1822,bottom,off,左方向-復路,-0.8782501301675395
1823,bottom,off,左方向-復路,-0.6048038955324944
1824,bottom,off,左方向-復路,-0.4287747718572656
1825,bottom,off,左方向-復路,-1.0013828779431384
1826,bottom,off,左方向-復路,-0.9240515521705799
1827,bottom,off,左方向-復路,-0.7589027619093848
1828,bottom,off,左方向-復路,-0.5734842212568446
1829,bottom,off,左方向-復路,-0.08282940347752649
1830,bottom,off,左方向-復路,-0.36620444884242936
1831,bottom,off,左方向-復路,-0.3032426235291009
1832,bottom,off,左方向-復路,-0.34056575661307653
1833,bottom,off,左方向-復路,-0.2677205518354456
1834,bottom,off,左方向-復路,-0.37477863562546193
1835,bottom,off,左方向-復路,-0.16466209527382653
1836,bottom,off,左方向-復路,0.06289024896436964
1837,bottom,off,左方向-復路,-0.03143121349646188
1838,bottom,off,左方向-復路,0.26982619373316186
1839,bottom,off,左方向-復路,-0.0858938176668471
1840,bottom,off,左方向-復路,0.48359583704404563
1841,bottom,off,左方向-復路,0.5572276436813983
1842,bottom,off,左方向-復路,0.5802336507041519
1843,bottom,off,左方向-復路,0.27452908317514096
1844,bottom,off,左方向-復路,0.80073039928817
1845,bottom,off,左方向-復路,-0.3928858188647622
1846,bottom,off,左方向-復路,-0.39494784601132293
1847,bottom,off,左方向-復路,-0.11034777520805374
1848,bottom,off,左方向-復路,-0.009546750018970457
1849,bottom,off,左方向-復路,-0.09651822009113996
1850,bottom,off,左方向-復路,-0.7911312988669337
1851,bottom,off,左方向-復路,-0.42953471426428724
1852,bottom,off,左方向-復路,-0.25891615957769837
1853,bottom,off,左方向-復路,-0.6505125981603569
1854,bottom,off,左方向-復路,0.027846232701263813
1855,bottom,off,左方向-復路,-0.962756695354306
1856,bottom,off,左方向-復路,-0.8698821259854657
1857,bottom,off,左方向-復路,-0.8673567515997844
1858,bottom,off,左方向-復路,-0.6191410994671438
1859,bottom,off,左方向-復路,-0.7913949426582214
1860,bottom,off,左方向-復路,-0.5782374843771606
1861,bottom,off,左方向-復路,-0.6284734282592505
1862,bottom,off,左方向-復路,-0.69535724515495
1863,bottom,off,左方向-復路,-0.6888767975372064
1864,bottom,off,左方向-復路,-0.8845333421473748
1865,bottom,off,左方向-復路,-0.6165870735666283
1866,bottom,off,左方向-復路,-0.8631065199787307
1867,bottom,off,左方向-復路,-0.817873874393881
1868,bottom,off,左方向-復路,-0.9598395399639177
1869,bottom,off,左方向-復路,-0.7443435729114651
1870,bottom,off,左方向-復路,0.06233799585473017
1871,bottom,off,左方向-復路,-0.23846740575508776
1872,bottom,off,左方向-復路,0.3320219480221996
1873,bottom,off,左方向-復路,-0.33787478697649576
1874,bottom,off,左方向-復路,-0.11127044680279667
1875,bottom,off,左方向-復路,-0.6598966928086248
1876,bottom,off,左方向-復路,-0.47701020034023345
1877,bottom,off,左方向-復路,-0.7745527600006089
1878,bottom,off,左方向-復路,-0.2791784163801769
1879,bottom,off,左方向-復路,-0.6136671883193122
1880,bottom,off,左方向-復路,-0.31715460663785766
1881,bottom,off,左方向-復路,-0.2877252945124478
1882,bottom,off,左方向-復路,-0.39890814600584446
1883,bottom,off,左方向-復路,-0.47332494294425215
1884,bottom,off,左方向-復路,-0.4568033392270724
1885,bottom,off,左方向-復路,-0.9637920475132722
1886,bottom,off,左方向-復路,-0.4963995912274547
1887,bottom,off,左方向-復路,-0.7579488899194771
1888,bottom,off,左方向-復路,-0.6042709978941022
1889,bottom,off,左方向-復路,-0.6788573208378574
1890,bottom,off,左方向-復路,0.32103121106637333
1891,bottom,off,左方向-復路,-0.6205107497134903
1892,bottom,off,左方向-復路,-0.4994487000055783
1893,bottom,off,左方向-復路,-0.6740007383712433
1894,bottom,off,左方向-復路,-0.7288751665176609
1895,bottom,off,左方向-復路,0.16917296796210932
1896,bottom,off,左方向-復路,-0.7083553606870078
1897,bottom,off,左方向-復路,-0.627776366084414
1898,bottom,off,左方向-復路,-0.8015860647193183
1899,bottom,off,左方向-復路,-0.7068265487631542
1900,bottom,off,左方向-復路,-0.17196989817368047
1901,bottom,off,左方向-復路,-0.5214106336448279
1902,bottom,off,左方向-復路,-0.4251582308815968
1903,bottom,off,左方向-復路,-0.4713943660057903
1904,bottom,off,左方向-復路,-0.586672702691493
1905,bottom,off,左方向-復路,-0.7439871987833115
1906,bottom,off,左方向-復路,-0.6657478716512808
1907,bottom,off,左方向-復路,-0.32531321549667785
1908,bottom,off,左方向-復路,-0.14353947584686363
1909,bottom,off,左方向-復路,-0.6294737420961676
1910,bottom,off,左方向-復路,-0.48258470330407915
1911,bottom,off,左方向-復路,0.2782817058289808
1912,bottom,off,左方向-復路,-0.2687004506766556
1913,bottom,off,左方向-復路,-0.4907394630250133
1914,bottom,off,左方向-復路,0.9237394855616491
1915,bottom,off,左方向-復路,-1.0554499256231704
1916,bottom,off,左方向-復路,-0.46499310963736623
1917,bottom,off,左方向-復路,-0.37544161284835376
1918,bottom,off,左方向-復路,-0.8101863487176408
1919,bottom,off,左方向-復路,-0.3182208717027936
